business_status,formatted_address,icon,name,photos,place_id,rating,reference,types,user_ratings_total,geometry.location.lat,geometry.location.lng,geometry.viewport.northeast.lat,geometry.viewport.northeast.lng,geometry.viewport.southwest.lat,geometry.viewport.southwest.lng,plus_code.compound_code,plus_code.global_code,opening_hours.open_now,permanently_closed
OPERATIONAL,"Barrio la Veguilla, 39538 Reocín, Cantabria",https://maps.gstatic.com/mapfiles/place_api/icons/v1/png_71/generic_business-71.png,Tesla Supercharger Reocín,"[{'height': 2592, 'html_attributions': ['<a href=""https://maps.google.com/maps/contrib/117432579309255703608"">OSCAR FOTORG</a>'], 'photo_reference': 'ATtYBwIfZFoVFF26eTS26bGjPfaC6YkFwY9KLWKKLsgzj0skU4grboAt49n_Wnm49vrdDFyzSDeuFKE0IfWypLWi_SFgZ8_H3aT6OE6ncp_Xr4V5y47bwEI-tghTW-B0eTI4QzQmf2sPeCjQUViGZMRJEHHasPPQgq2-nDx_vjDT5pdCcXHx', 'width': 4608}]",ChIJ5VlhPEIVSQ0RrzfYRAf58JA,4.4,ChIJ5VlhPEIVSQ0RrzfYRAf58JA,"['point_of_interest', 'establishment']",24,43.3555632,-4.0949049,43.35743467989272,-4.093332070107278,43.35473502010728,-4.096031729892722,9W44+62 Reocín,8CMQ9W44+62,,
OPERATIONAL,"69 Diseminado, 39791 Ambrosero",https://maps.gstatic.com/mapfiles/place_api/icons/v1/png_71/generic_business-71.png,IBIL Estación de carga,"[{'height': 589, 'html_attributions': ['<a href=""https://maps.google.com/maps/contrib/109185068800590779382"">Javi Mendez</a>'], 'photo_reference': 'ATtYBwL9L1RybMgTqTufyUraBQXQa-d6yROB4UsInGbQO9bkIjb26dZPDhnxEc1P2Q2IVApEksxNVjLDZfoJ2SUNybpvsAZWJv9QyDfGCne902kmkgzQNToI1SGCbCW8M8B4FVc_FnghaB2H70fu_HIXBHyBSpBlw1GZ42Pd0YdQFn3zhovQ', 'width': 800}]",ChIJHddRrp_HTg0RadnDq-_RyFk,0.0,ChIJHddRrp_HTg0RadnDq-_RyFk,"['point_of_interest', 'establishment']",0,43.4112665,-3.5423982,43.41262322989272,-3.541012820107278,43.40992357010728,-3.543712479892723,CF65+G2 Ambrosero,8CMRCF65+G2,True,
OPERATIONAL,"Calle José María Pereda, 18, 39300 Torrelavega, Cantabria",https://maps.gstatic.com/mapfiles/place_api/icons/v1/png_71/generic_business-71.png,Charge And Drive Estación de carga,"[{'height': 3456, 'html_attributions': ['<a href=""https://maps.google.com/maps/contrib/105237164881174901460"">J</a>'], 'photo_reference': 'ATtYBwKIY0ulmGpnm7qwx-ngPnuhUfpzT3C8bSDoEGLAGv-JrWfXIB0yjVikHG2qwrlmcB6zCQvRAylIFks9J5cfqGjctUyciU44z239d7kN5pcT5DMONmqKo8uuh7-a88aiAlmjMDAGJjMnwIau7cPF8CdGoVrBH9C9JdgMcI_5SPxIl54f', 'width': 4608}]",ChIJ2aXBsxQ-SQ0RWinIYahHeUg,1.0,ChIJ2aXBsxQ-SQ0RWinIYahHeUg,"['point_of_interest', 'establishment']",2,43.3504244,-4.04934,43.35179117989272,-4.047981120107278,43.34909152010728,-4.050680779892722,9X22+57 Torrelavega,8CMQ9X22+57,,
OPERATIONAL,"Alameda Oviedo, 1, 39710 Solares, Cantabria",https://maps.gstatic.com/mapfiles/place_api/icons/v1/png_71/generic_business-71.png,EDP Estación de carga,"[{'height': 4128, 'html_attributions': ['<a href=""https://maps.google.com/maps/contrib/105772464732269322675"">Teodoro Gutiérrez</a>'], 'photo_reference': 'ATtYBwIQfU1Id_xGmdvjBgRnsPTL04actp8joJni0aj-uGLPBIhs-NhLiqmdIKtUsxIGISlVHAumLuV8JSOrHKFRyNv2KIfXozopWLobnKeNdczccDBDOfm--LnJuLg9AYRixQ5hSJQnFniiWDAi_6S4i1Z1S0CMPhQ632xCJrK_7BmsottC', 'width': 3096}]",ChIJ0dNblrtLSQ0Rez-tkQ-K-ac,0.0,ChIJ0dNblrtLSQ0Rez-tkQ-K-ac,"['point_of_interest', 'establishment']",0,43.4607334,-3.8158797,43.46209982989271,-3.814517570107277,43.45940017010727,-3.817217229892721,F56M+7J Solares,8CMRF56M+7J,True,
OPERATIONAL,"Av. de los Castros, 55D, 39005 Santander, Cantabria",https://maps.gstatic.com/mapfiles/place_api/icons/v1/png_71/generic_business-71.png,Charge And Drive Charging Station,,ChIJm_os07tLSQ0RRYbuYx_mqgg,0.0,ChIJm_os07tLSQ0RRYbuYx_mqgg,"['point_of_interest', 'establishment']",0,43.471504,-3.7991366,43.47275362989272,-3.797737120107277,43.47005397010728,-3.800436779892721,F6C2+J8 Santander,8CMRF6C2+J8,,
OPERATIONAL,"Calle Cardenal Cisneros, 2, 39001 Santander, Cantabria",https://maps.gstatic.com/mapfiles/place_api/icons/v1/png_71/generic_business-71.png,Charge And Drive Charging Station,,ChIJHccVGMxLSQ0Rgs2wUysXXZQ,0.0,ChIJHccVGMxLSQ0Rgs2wUysXXZQ,"['point_of_interest', 'establishment']",0,43.46317699999999,-3.810766,43.46452207989272,-3.809415520107278,43.46182242010727,-3.812115179892722,F57Q+7M Santander,8CMRF57Q+7M,,
OPERATIONAL,"Calle Calderón de la Barca, 18, 39002 Santander, Cantabria",https://maps.gstatic.com/mapfiles/place_api/icons/v1/png_71/generic_business-71.png,Charge And Drive Charging Station,,ChIJn0e2TstLSQ0R7Qy8h7epCRU,0.0,ChIJn0e2TstLSQ0R7Qy8h7epCRU,"['point_of_interest', 'establishment']",0,43.4592592,-3.8087241,43.46063732989272,-3.807388670107278,43.45793767010727,-3.810088329892722,F55R+PG Santander,8CMRF55R+PG,,
OPERATIONAL,"Av. de Cantabria, 11, 39770 Laredo, Cantabria",https://maps.gstatic.com/mapfiles/place_api/icons/v1/png_71/generic_business-71.png,Punto De Recarga Coche Eléctrico,,ChIJhUUY7yDATg0RYWhdqEBrCTU,5.0,ChIJhUUY7yDATg0RYWhdqEBrCTU,"['point_of_interest', 'establishment']",1,43.4102229,-3.4213199,43.41158212989272,-3.419973520107277,43.40888247010728,-3.422673179892722,CH6H+3F Laredo,8CMRCH6H+3F,,
OPERATIONAL,"Calle Jerónimo Sáinz de la Maza, 2, 39008 Santander, Cantabria",https://maps.gstatic.com/mapfiles/place_api/icons/v1/png_71/generic_business-71.png,Charge And Drive Charging Station,,ChIJ6ya2JoBJSQ0RuSeY7XivECw,0.0,ChIJ6ya2JoBJSQ0RuSeY7XivECw,"['point_of_interest', 'establishment']",0,43.45816,-3.826439999999999,43.45950692989272,-3.825074920107277,43.45680727010727,-3.827774579892721,F55F+7C Santander,8CMRF55F+7C,,
OPERATIONAL,"Av. Ris, 64, 39180 Noja, Cantabria",https://maps.gstatic.com/mapfiles/place_api/icons/v1/png_71/generic_business-71.png,IBIL Charging Station,,ChIJXxxloW25Tg0Rxj5z8Wc4Oe8,0.0,ChIJXxxloW25Tg0Rxj5z8Wc4Oe8,"['point_of_interest', 'establishment']",0,43.48983399999999,-3.529208,43.49117837989272,-3.527753870107277,43.48847872010728,-3.530453529892722,FFQC+W8 Noja,8CMRFFQC+W8,True,
CLOSED_TEMPORARILY,"Av. la Constitución, 2A, 39700 Castro Urdiales, Cantabria",https://maps.gstatic.com/mapfiles/place_api/icons/v1/png_71/generic_business-71.png,Endesa Estación de carga,,ChIJ_4Q1N7XzTg0R8JG05wWhsxI,1.0,ChIJ_4Q1N7XzTg0R8JG05wWhsxI,"['point_of_interest', 'establishment']",1,43.3823099,-3.2176,43.38379462989272,-3.216454020107278,43.38109497010727,-3.219153679892723,9QJJ+WX Castro Urdiales,8CMR9QJJ+WX,,True
OPERATIONAL,"Calle Fuente del Amor, s/n, 39820 Limpias, Cantabria",https://maps.gstatic.com/mapfiles/place_api/icons/v1/png_71/generic_business-71.png,Tesla Destination Charger,"[{'height': 2160, 'html_attributions': ['<a href=""https://maps.google.com/maps/contrib/103964274124993725353"">Esther G.Peinado</a>'], 'photo_reference': 'ATtYBwLv1G4vmsZsZY1XtiA-dFwDGMaqBYCD0ZNrZa1pBl5Fe09OUJZh6WwR6zimI2ZjXiZWRD31686L2YjUQIikEs8Lx9T8USTZtvm3GchrUUyEC07P3hM2bNXeVbjSoc0Iniq9qDVvxp10AaNIpZeMzz3TVTdzg2bR8t8D9GWqaBylo7f4', 'width': 3840}]",ChIJkdnx-_7BTg0R5Vse-h0QHxE,0.0,ChIJkdnx-_7BTg0R5Vse-h0QHxE,"['point_of_interest', 'establishment']",0,43.358353,-3.422443,43.35967777989272,-3.421122970107278,43.35697812010728,-3.423822629892722,9H5H+82 Limpias,8CMR9H5H+82,,
OPERATIONAL,"CA-131, 39547 San Vicente de la Barquera, Cantabria",https://maps.gstatic.com/mapfiles/place_api/icons/v1/png_71/generic_business-71.png,Feníe Energía Estación de carga,,ChIJRY6jAT8LSQ0RH15cxsSqio8,0.0,ChIJRY6jAT8LSQ0RH15cxsSqio8,"['point_of_interest', 'establishment']",0,43.385017,-4.338398,43.38649242989271,-4.337100970107278,43.38379277010727,-4.339800629892722,9MP6+2J San Vicente de la Barquera,8CMQ9MP6+2J,,
OPERATIONAL,"Polígono Parque Científico y Tecnológico, 11, 39011 Santander, Cantabria",https://maps.gstatic.com/mapfiles/place_api/icons/v1/png_71/generic_business-71.png,Charge And Drive Charging Station,"[{'height': 3024, 'html_attributions': ['<a href=""https://maps.google.com/maps/contrib/110122858801740135289"">A Google User</a>'], 'photo_reference': 'ATtYBwJE5h89AJmSHoo2SypGhiRZ1OIi_kczN6ITZiHykMEFu9xICSEPpH7G5psYU2O2hieih5W60YVlrdqDUr0zsOz-z97L1I6lgpaP7YzEmdnfSOeC2TWU7wXTDXyTiVUpSPCzg0B3lgVkr15TaMOCkrewb1kkq-5uwX5oN0yCKYgdV9eA', 'width': 4032}]",ChIJyWsFkVZISQ0RhP1r1egYVhg,0.0,ChIJyWsFkVZISQ0RhP1r1egYVhg,"['point_of_interest', 'establishment']",0,43.4537534,-3.8715016,43.45508367989272,-3.870144770107279,43.45238402010727,-3.872844429892723,F43H+G9 Santander,8CMRF43H+G9,,
OPERATIONAL,"Calle Amos de Escalante, 4, 39002 Santander, Cantabria",https://maps.gstatic.com/mapfiles/place_api/icons/v1/png_71/generic_business-71.png,Itevelesa,,ChIJf4h1WTNKSQ0RqjtfEk_Eknc,2.8,ChIJf4h1WTNKSQ0RqjtfEk_Eknc,"['point_of_interest', 'establishment']",4,43.4581881,-3.8098184,43.45956857989272,-3.808484470107278,43.45686892010728,-3.811184129892721,F55R+73 Santander,8CMRF55R+73,True,
OPERATIONAL,"Av. Manuel García Lago, 9, 39005 Santander, Cantabria",https://maps.gstatic.com/mapfiles/place_api/icons/v1/png_71/generic_business-71.png,Charge And Drive Charging Station,,ChIJVz5M-aFLSQ0RofV8KDyuMnA,0.0,ChIJVz5M-aFLSQ0RofV8KDyuMnA,"['point_of_interest', 'establishment']",0,43.4785494,-3.7889691,43.47989642989272,-3.787649670107279,43.47719677010728,-3.790349329892723,F6H6+CC Santander,8CMRF6H6+CC,,
OPERATIONAL,"Av. Cantabria, 23, 39400 Los Corrales de Buelna, Cantabria",https://maps.gstatic.com/mapfiles/place_api/icons/v1/png_71/generic_business-71.png,Iberdrola Estación de carga,,ChIJzY4_k6oiSQ0RBFNnskqo5zg,0.0,ChIJzY4_k6oiSQ0RBFNnskqo5zg,"['point_of_interest', 'establishment']",0,43.2557701,-4.0681889,43.25708947989272,-4.066779620107278,43.25438982010727,-4.069479279892722,7W4J+8P Los Corrales de Buelna,8CMQ7W4J+8P,True,
OPERATIONAL,"Av. Miramar, 1, 39540 San Vicente de la Barquera, Cantabria",https://maps.gstatic.com/mapfiles/place_api/icons/v1/png_71/generic_business-71.png,Fenie Energia,"[{'height': 856, 'html_attributions': ['<a href=""https://maps.google.com/maps/contrib/112909164914339873067"">Jordi CiS</a>'], 'photo_reference': 'ATtYBwLhAmsf-DjF72gzH8N545dGUXEUoqjFm9yNoOLdi9J97_HbxsltZuILSSvhP1a6U5BCuyDx8UhWzj0Du0TOEXAIf7yA5Kje9dGRlDMalRtnQYlI1oEaH5Zn56YQk6uOckFTw96p9qzEcSm56P_yAet3XxiZ-mTM5WGD5UxFMemc8EQh', 'width': 1201}]",ChIJSeYh16yhSQ0RV2Mpi2AlDj8,5.0,ChIJSeYh16yhSQ0RV2Mpi2AlDj8,"['point_of_interest', 'establishment']",2,43.3838115,-4.3991961,43.38517317989272,-4.397819320107279,43.38247352010728,-4.400518979892722,9JM2+G8 San Vicente de la Barquera,8CMQ9JM2+G8,True,
OPERATIONAL,"Calle Rufino Ruíz Ceballos, 11, 39600 Camargo, Cantabria",https://maps.gstatic.com/mapfiles/place_api/icons/v1/png_71/generic_business-71.png,Charge And Drive Charging Station,,ChIJl3Zp6eBJSQ0R0NM9v0qfpug,0.0,ChIJl3Zp6eBJSQ0R0NM9v0qfpug,"['point_of_interest', 'establishment']",0,43.4226701,-3.8434652,43.42404247989272,-3.842148120107277,43.42134282010728,-3.844847779892721,C5F4+3J Camargo,8CMRC5F4+3J,,
OPERATIONAL,"Plaza de la Villa, 5B, 39180 Noja, Cantabria",https://maps.gstatic.com/mapfiles/place_api/icons/v1/png_71/generic_business-71.png,IBIL Charging Station,,ChIJ9yd2rRe5Tg0RGsLR_uqoE0Q,0.0,ChIJ9yd2rRe5Tg0RGsLR_uqoE0Q,"['point_of_interest', 'establishment']",0,43.480003,-3.522512,43.48135462989272,-3.521133920107277,43.47865497010728,-3.523833579892722,FFJG+2X Noja,8CMRFFJG+2X,True,
OPERATIONAL,"N-634, 2E, 39594, Cantabria",https://maps.gstatic.com/mapfiles/place_api/icons/v1/png_71/generic_business-71.png,EDP Charging Station,,ChIJq0VUdUCiSQ0RYedtbsXNND0,0.0,ChIJq0VUdUCiSQ0RYedtbsXNND0,"['point_of_interest', 'establishment']",0,43.374927,-4.500594,43.37633867989273,-4.499341470107278,43.37363902010728,-4.502041129892722,9FFX+XQ Unquera,8CMQ9FFX+XQ,True,
OPERATIONAL,"s/n Barrio La Barcena, Barrio Valle, 19-116, 39815 Valle, Cantabria",https://maps.gstatic.com/mapfiles/place_api/icons/v1/png_71/generic_business-71.png,Tesla Destination Charger,,ChIJp4E9EMzETg0RHXIK8IYt9So,5.0,ChIJp4E9EMzETg0RHXIK8IYt9So,"['point_of_interest', 'establishment']",1,43.279418,-3.526302,43.28043992989272,-3.524939320107277,43.27774027010728,-3.527638979892722,7FHF+QF Valle,8CMR7FHF+QF,,
OPERATIONAL,"N/A LAS CARMELAS, N-634, 39560, Cantabria",https://maps.gstatic.com/mapfiles/place_api/icons/v1/png_71/generic_business-71.png,Iberdrola Clientes Charging Station,,ChIJU3pkQECiSQ0RDRW8Tv8rbrs,0.0,ChIJU3pkQECiSQ0RDRW8Tv8rbrs,"['point_of_interest', 'establishment']",0,43.374835,-4.502008,43.37620377989273,-4.500725870107279,43.37350412010728,-4.503425529892723,9FFX+W5 Unquera,8CMQ9FFX+W5,True,
OPERATIONAL,56A Poligono Vega Reinosa 39200 ES,https://maps.gstatic.com/mapfiles/place_api/icons/v1/png_71/generic_business-71.png,Iberdrola Charging Station,,ChIJc51msJLmSA0RC__IYPxjN0Q,0.0,ChIJc51msJLmSA0RC__IYPxjN0Q,"['point_of_interest', 'establishment']",0,42.9944149,-4.131486,42.99576807989272,-4.130142670107277,42.99306842010728,-4.132842329892721,XVV9+QC Reinosa,8CJQXVV9+QC,True,
OPERATIONAL,"Plaza Del Ayuntamiento, 1A, 39724 Solares, Cantabria",https://maps.gstatic.com/mapfiles/place_api/icons/v1/png_71/generic_business-71.png,EDP Charging Station,,ChIJW5O-IirLTg0Rt1yFkxcD2Eg,0.0,ChIJW5O-IirLTg0Rt1yFkxcD2Eg,"['point_of_interest', 'establishment']",0,43.383,-3.739,43.38429582989271,-3.737704020107278,43.38159617010727,-3.740403679892721,97M6+59 Solares,8CMR97M6+59,True,
OPERATIONAL,"Calle las Quebrantas, 13, 39140 Somo, Cantabria",https://maps.gstatic.com/mapfiles/place_api/icons/v1/png_71/generic_business-71.png,EDP Charging Station,,ChIJ97eXpSy1Tg0RVzM3C_oeypk,0.0,ChIJ97eXpSy1Tg0RVzM3C_oeypk,"['point_of_interest', 'establishment']",0,43.45593299999999,-3.7428,43.45729262989271,-3.741389970107278,43.45459297010727,-3.744089629892722,F744+9V Somo,8CMRF744+9V,True,
OPERATIONAL,"CA-454, 39192 San Miguel de Meruelo, Cantabria",https://maps.gstatic.com/mapfiles/place_api/icons/v1/png_71/generic_business-71.png,Tesla,,ChIJ4a6UkSS4Tg0RsT8yLA8BHVE,5.0,ChIJ4a6UkSS4Tg0RsT8yLA8BHVE,"['point_of_interest', 'establishment']",1,43.4529838,-3.5729635,43.45428602989273,-3.571734970107278,43.45158637010728,-3.574434629892722,FC3G+5R San Miguel de Meruelo,8CMRFC3G+5R,,
OPERATIONAL,"N-634, 33569 Ribadesella, Asturias",https://maps.gstatic.com/mapfiles/place_api/icons/v1/png_71/generic_business-71.png,Wenea Estación de carga,,ChIJD6INN0YfNg0RLScyDH0e33c,0.0,ChIJD6INN0YfNg0RLScyDH0e33c,"['point_of_interest', 'establishment']",0,43.4309674,-5.062521299999999,43.43231712989271,-5.061146070107278,43.42961747010727,-5.063845729892722,CWJP+9X Ribadesella,8CMPCWJP+9X,True,
OPERATIONAL,"Retuerto Kalea, 55, 48903 Barakaldo, Bizkaia",https://maps.gstatic.com/mapfiles/place_api/icons/v1/png_71/generic_business-71.png,Iberdrola Charging Station,,ChIJp_fxhqhQTg0Ri-4EiHbCeRk,0.0,ChIJp_fxhqhQTg0Ri-4EiHbCeRk,"['point_of_interest', 'establishment']",0,43.287416,-3.007997,43.28876582989272,-3.006647170107278,43.28606617010728,-3.009346829892722,7XPR+XR Baracaldo,8CMR7XPR+XR,True,
OPERATIONAL,"Azkue Kalea, 1, 48902 Barakaldo, Bizkaia",https://maps.gstatic.com/mapfiles/place_api/icons/v1/png_71/generic_business-71.png,IBIL Charging Station,,ChIJm8ytYZ1QTg0RGhsvTD2cgr0,0.0,ChIJm8ytYZ1QTg0RGhsvTD2cgr0,"['point_of_interest', 'establishment']",0,43.290412,-2.988979,43.2929566,-2.9875076,43.2827782,-2.993393199999999,72R6+5C Baracaldo,8CMV72R6+5C,True,
OPERATIONAL,"Erribera Etorbidea, 3, 48903 Barakaldo, Bizkaia",https://maps.gstatic.com/mapfiles/place_api/icons/v1/png_71/generic_business-71.png,Iberdrola Charging Station,,ChIJW3CwaAhaTg0R2mGGJSQdJMc,0.0,ChIJW3CwaAhaTg0R2mGGJSQdJMc,"['point_of_interest', 'establishment']",0,43.29184,-3.006589,43.29336092989273,-3.005295770107278,43.29066127010729,-3.007995429892723,7XRV+P9 Baracaldo,8CMR7XRV+P9,True,
OPERATIONAL,"Carrer de Cantàbria, 46, 07829 Sant Josep de sa Talaia, Illes Balears",https://maps.gstatic.com/mapfiles/place_api/icons/v1/png_71/generic_business-71.png,Feníe Energía Charging Station,,ChIJ1QrnevRJmRIR54H3hdEfB4g,0.0,ChIJ1QrnevRJmRIR54H3hdEfB4g,"['point_of_interest', 'establishment']",0,38.962796,1.293397,38.96406797989272,1.294629579892722,38.96136832010727,1.291929920107278,X77V+49 San José,8FC3X77V+49,,
OPERATIONAL,"Plaza Estaciones, S/N, 39002 Santander, Cantabria",https://maps.gstatic.com/mapfiles/place_api/icons/v1/png_71/generic_business-71.png,Estación Autobuses de Santander,"[{'height': 337, 'html_attributions': ['<a href=""https://maps.google.com/maps/contrib/101175708970705058048"">A Google User</a>'], 'photo_reference': 'ATtYBwI-plKBPr3m_jkKm8FqnzhmIr_RQ_bcSDiFef4GoGc-6woll5__65kJpE5xd2sd2sRpIxSip7ZvaTVy6gFSzp4ftjRNgC3BwZWYusd1wvJI7fDLALj00N3n9UTwf4w--mcz-Q0BeWj8wKIIJNPJNFVZeneyDWe5BXmfW8XUUmfSB_eL', 'width': 600}]",ChIJyzuIWMtLSQ0ROfNNmJekAg8,3.8,ChIJyzuIWMtLSQ0ROfNNmJekAg8,"['point_of_interest', 'establishment']",367,43.4593554,-3.8096996,43.46066112989273,-3.808169120107278,43.45796147010729,-3.810868779892722,F55R+P4 Santander,8CMRF55R+P4,True,
OPERATIONAL,"Carretera Nacional 635, km 10,200, 39792 Heras, Cantabria",https://maps.gstatic.com/mapfiles/place_api/icons/v1/png_71/gas_station-71.png,RED Cantabria,"[{'height': 2848, 'html_attributions': ['<a href=""https://maps.google.com/maps/contrib/116296302164490572050"">RED Cantabria</a>'], 'photo_reference': 'ATtYBwKt8yLrgmbpxIQyctdQa1fs7jswm7R0TslLtYFR0esWHXNS4-6enVtjiOwTWeXooivPVgJP5t8AdwP5EE2WD8uktVc6jGnrTWoRyHGZPhQ8tlH0aoJunjvnmtPPRI_2KX00iWMUEok7t1IfDEFagp57v4m9Vy3WGCY8hxcH1ue6bufV', 'width': 4272}]",ChIJ2wY_26Y1SQ0R9DhntmJmdWM,4.3,ChIJ2wY_26Y1SQ0R9DhntmJmdWM,"['gas_station', 'point_of_interest', 'establishment']",3,43.396309,-3.787258,43.39785037989272,-3.785984820107278,43.39515072010727,-3.788684479892722,96W7+G3 Heras,8CMR96W7+G3,True,
OPERATIONAL,"Plaza Estaciones, 1, 39002 Santander, Cantabria",https://maps.gstatic.com/mapfiles/place_api/icons/v1/png_71/train-71.png,Estacion de Santander,,ChIJMzoY0sxLSQ0RUHt18gZMtLI,2.5,ChIJMzoY0sxLSQ0RUHt18gZMtLI,"['train_station', 'transit_station', 'point_of_interest', 'establishment']",2,43.459149,-3.811547,43.46016562989273,-3.809483599999999,43.45746597010729,-3.812234800000001,F55Q+M9 Santander,8CMRF55Q+M9,,
OPERATIONAL,"CR N-634 P.K. 232,50 D, 39300 Sierrapando, Cantabria",https://maps.gstatic.com/mapfiles/place_api/icons/v1/png_71/gas_station-71.png,Estación de Servicio Repsol,"[{'height': 608, 'html_attributions': ['<a href=""https://maps.google.com/maps/contrib/102825266553395884524"">A Google User</a>'], 'photo_reference': 'ATtYBwKy41toHtgUj-PNRRqUJHw5T9rd7Yb8PGTO0WxKWa7d2jjjc3HxnQJhHjk1pXEC-MSc1TOAfwjgdrSG4BBrSIRzktegkqYVP3OjHfyPqmpL-mPNYcY2ELrhyGdwFv8pGJoNJ__mLZX8Zy-CnIqhzmOTVO-KJIZTqTMS_Fu6xUJOHFXG', 'width': 1080}]",ChIJu5Zi430-SQ0RtRCDH6Cq6YE,3.9,ChIJu5Zi430-SQ0RtRCDH6Cq6YE,"['gas_station', 'car_wash', 'point_of_interest', 'establishment']",135,43.3409994,-4.0294241,43.34232887989272,-4.027981820107278,43.33962922010728,-4.030681479892722,8XRC+96 Sierrapando,8CMQ8XRC+96,True,
OPERATIONAL,"Av. Cantabria, 1495, 39318 Cudón, Cantabria",https://maps.gstatic.com/mapfiles/place_api/icons/v1/png_71/gas_station-71.png,Estación de Servicio El Centro,"[{'height': 1536, 'html_attributions': ['<a href=""https://maps.google.com/maps/contrib/102015637869611222052"">Estación de Servicio El Centro</a>'], 'photo_reference': 'ATtYBwK06TcMyf6m7uFfSXlKUAuQ4rD_8OIfJ9pg8wqPV6SpKbYnDN4cZxl64-_6UI1dk2fRKIutDdUPe2DUx3K-W61mMm1Lw57vAEUn5fOGRd4s5OGpTGSh0D39QPOOHib7Nx8xHK3GeTPqBTfafCBxV7siaca6PM15KZypR-Kpxuyxj0GF', 'width': 2048}]",ChIJRRs7KZ5ASQ0RV07Pj-hauzY,4.2,ChIJRRs7KZ5ASQ0RV07Pj-hauzY,"['gas_station', 'point_of_interest', 'establishment']",103,43.41383,-4.011240000000001,43.41518792989272,-4.009949070107279,43.41248827010727,-4.012648729892723,CX7Q+GG Cudón,8CMQCX7Q+GG,True,
OPERATIONAL,"Calle Reconquista de Sevilla, 15, 39770 Laredo, Cantabria",https://maps.gstatic.com/mapfiles/place_api/icons/v1/png_71/gas_station-71.png,Estación De Servicio Martínez Castanedo Hermanos,"[{'height': 1080, 'html_attributions': ['<a href=""https://maps.google.com/maps/contrib/116826091950504065514"">Ale</a>'], 'photo_reference': 'ATtYBwIGhXyeYDeVe5mTQ4v55pKksEYNNDcYhOig9SKYQYOrtNRGb5CGqkt4hyHqAkqD3-e9MbIURTXksJrQFHFeRrDcBsVz0oE2iAXz_IhSPO0qVIHNTxcPqesU-t414uVEiQ7N2HcSHyBHjW_3Fz_1_o1DOnUp61yIrzDFOmFnsox1sJ2v', 'width': 1920}]",ChIJJaTv_JzqTg0REh6a0YxQspA,4.2,ChIJJaTv_JzqTg0REh6a0YxQspA,"['gas_station', 'point_of_interest', 'establishment']",32,43.4102385,-3.4128642,43.41157537989272,-3.411494670107277,43.40887572010728,-3.414194329892722,CH6P+3V Laredo,8CMRCH6P+3V,True,
OPERATIONAL,"N-611 Km. 182,00 I, 39311 Cartes, Cantabria",https://maps.gstatic.com/mapfiles/place_api/icons/v1/png_71/gas_station-71.png,Estación de Servicio Repsol,"[{'height': 1542, 'html_attributions': ['<a href=""https://maps.google.com/maps/contrib/101450926139946628298"">A Google User</a>'], 'photo_reference': 'ATtYBwJZ4CRMMjPFlMU2u_qVQN2YA-pQJu08NNqZQMVVqKrHTxj4tFR9I-reBM7MBwkm5hDoNApdaLEWPTv3IAFkeJ4jll1HufPNCDEGGz-W9UCYK4Ozu6DRYidSZahnKI_dxXDBoL0qyjVw5awKEpHPd5BlLRlM2-Gd01uSnNuHow5fQHOp', 'width': 2598}]",ChIJi-5rQ_49SQ0RgHJb6LeiV9c,3.9,ChIJi-5rQ_49SQ0RgHJb6LeiV9c,"['gas_station', 'car_wash', 'point_of_interest', 'establishment']",176,43.3327124,-4.0658406,43.33417537989272,-4.064472120107279,43.33147572010728,-4.067171779892723,8WMM+3M Cartes,8CMQ8WMM+3M,True,
OPERATIONAL,"CTRA. BERANGA-NOJA P.K. 4,700, LOS BEREZALES S/N, 39213 Bolmir, Cantabria",https://maps.gstatic.com/mapfiles/place_api/icons/v1/png_71/gas_station-71.png,Estación de servicio Cepsa,"[{'height': 1836, 'html_attributions': ['<a href=""https://maps.google.com/maps/contrib/108398938695062733146"">A Google User</a>'], 'photo_reference': 'ATtYBwLUwsVM-XxFDTv-Ii4pTNBOBlgiUiUVsdt2YHetpRmsKp6cR-7NjM2LiHSNCaTDR-4Bpl1PhV8QbW5O8kgQYVMW_vYwoLPgl8WXq0L7gbOi1h4ESCWIGCwo-jyCfqGrYwFIJMsEQpIviDrh035dOnJ0dwEK9WM5FKgh4EKqwVTuNnQS', 'width': 3264}]",ChIJDWU1FH3nSA0RRKoD7NUc4v0,1.0,ChIJDWU1FH3nSA0RRKoD7NUc4v0,"['gas_station', 'point_of_interest', 'establishment']",1,42.986361,-4.134083,42.98770362989271,-4.132729820107278,42.98500397010727,-4.135429479892722,XVP8+G9 Bolmir,8CJQXVP8+G9,,
OPERATIONAL,"Calle Barrio Sierrapando, 371, 39300 Torrelavega, Cantabria",https://maps.gstatic.com/mapfiles/place_api/icons/v1/png_71/gas_station-71.png,Gasolinera Nieves Torrelavega,"[{'height': 800, 'html_attributions': ['<a href=""https://maps.google.com/maps/contrib/105237164881174901460"">Jorge Truan</a>'], 'photo_reference': 'ATtYBwKxTo-tViv96KvOpa3Ndsohp4XjyOLmyXI0mlilOS4RrANJ9-WSif6q-Q6tFzDuRMeDPdQymWMyCcxbHd3ngVQd05-iRD3qpW7QXtoFUHj0ToMK8RInd2kxfJs6SWlUIemx7ZGIlfcTYBBC71NUQgw_75ISn-oAgUTthE_l7nPA3PVy', 'width': 1200}]",ChIJIzkzkiE_SQ0RrKA8zC5Ort0,4.6,ChIJIzkzkiE_SQ0RrKA8zC5Ort0,"['gas_station', 'point_of_interest', 'establishment']",70,43.3426669,-4.030134600000001,43.34397997989272,-4.028808120107278,43.34128032010727,-4.031507779892721,8XV9+3W Torrelavega,8CMQ8XV9+3W,True,
OPERATIONAL,"Ca-142, 5,8 DE, 39690 Villanueva, Cantabria",https://maps.gstatic.com/mapfiles/place_api/icons/v1/png_71/gas_station-71.png,Estación de Servicio Repsol,"[{'height': 2268, 'html_attributions': ['<a href=""https://maps.google.com/maps/contrib/109288731149123997092"">marian guz</a>'], 'photo_reference': 'ATtYBwLyQOqYFCgCxO4PXvCxeI8hisuaapoQhYBffpTbRGDCsoEth5FnkFpUnMYWkW79Dnyt6NIKNVOtikI07dJqboxxtiNSXhWYpLCuZUkpSbPVDsIOVk7-94RsK78SfD3kz5oxJk6X8NBcqAtZdvDY3n-p1QT8y22D3afYRXe_zlZQM7jX', 'width': 4032}]",ChIJW84CUec2SQ0RuHS_IlNm3Z8,4.0,ChIJW84CUec2SQ0RuHS_IlNm3Z8,"['gas_station', 'car_wash', 'point_of_interest', 'establishment']",80,43.3616999,-3.8598493,43.36306347989272,-3.858374170107278,43.36036382010727,-3.861073829892722,946R+M3 Villanueva,8CMR946R+M3,True,
OPERATIONAL,"Calle Aurelio García Cantalapiedra, S/n, 39300 Torrelavega, Cantabria",https://maps.gstatic.com/mapfiles/place_api/icons/v1/png_71/gas_station-71.png,Estación de servicio Cepsa,"[{'height': 750, 'html_attributions': ['<a href=""https://maps.google.com/maps/contrib/112041321093894459116"">A Google User</a>'], 'photo_reference': 'ATtYBwK3HnBsL08xJNKbQTiZmCJGMJDggpMKeRrRCPS0lWrUWTGK2Uv0dNvG22rXvJSD-_8u59hM2l_77hi1N7m8ASfv8JkuInsbXQMf8mdWawLqx1szOq0m7xPth9nOew94ltUder3zObffohvRYD0o9yPvZ6_MUqLam7n9jnXaIuB6whie', 'width': 750}]",ChIJ6zuFyt89SQ0RI54EIbW3UAo,3.3,ChIJ6zuFyt89SQ0RI54EIbW3UAo,"['gas_station', 'point_of_interest', 'establishment']",13,43.33273579999999,-4.0476056,43.33402017989272,-4.046152720107278,43.33132052010728,-4.048852379892723,8XM2+3X Torrelavega,8CMQ8XM2+3X,True,
OPERATIONAL,"Cr N-611, 163,2 I, 39450 Arenas de Iguña, Cantabria",https://maps.gstatic.com/mapfiles/place_api/icons/v1/png_71/gas_station-71.png,Estación de Servicio Petronor - Repsol,"[{'height': 768, 'html_attributions': ['<a href=""https://maps.google.com/maps/contrib/118392204601278037491"">A Google User</a>'], 'photo_reference': 'ATtYBwKit9sX1nLRV19uc0i0_oDsilniWDK45AYmp5PCNgdPRnVEyg1y5AMRjkQ-ZCHVuBqvSb6OkI6hFn7qmN2Houadq2h0pMKetq581lFtUAIui0d68qyULbgVz_SPqk-eb1d-GDSJ2Aty7iB6JHefQqhT_kRmeDZv1bU6IXV30lb4vxLu', 'width': 1024}]",ChIJGSSFy7UjSQ0ROJSmxpjdg-c,4.0,ChIJGSSFy7UjSQ0ROJSmxpjdg-c,"['gas_station', 'car_wash', 'point_of_interest', 'establishment']",92,43.1819906,-4.052447799999999,43.18324977989272,-4.051070070107277,43.18055012010728,-4.053769729892721,5WJX+Q2 Arenas de Iguña,8CMQ5WJX+Q2,True,
OPERATIONAL,"Po, Av. de Joaquin Fernandez Vallejo, 12, 39300 Torrelavega, Cantabria",https://maps.gstatic.com/mapfiles/place_api/icons/v1/png_71/gas_station-71.png,Estación de servicio Cepsa,"[{'height': 750, 'html_attributions': ['<a href=""https://maps.google.com/maps/contrib/118360317037747677430"">A Google User</a>'], 'photo_reference': 'ATtYBwLRvUrQ3cMKcn63sjoTFuZKKlRohAgmzYqX8UcsZBpUovlepuHLqSjmAIhpPwn492ELM3o132TlNX9JcuDjLdbubKFOYmt-nr8P5G4exWwQI7r0Jv9WiIMQo4bY5zuOo3ZMFHWSE_UsnQah4CfjkNcNH8l_xJGlNyXjDAxsjgH0AFlC', 'width': 750}]",ChIJ8ef5HNs_SQ0RvjVqXG8uG28,0.0,ChIJ8ef5HNs_SQ0RvjVqXG8uG28,"['gas_station', 'point_of_interest', 'establishment']",0,43.3435887,-4.0463771,43.34494872989271,-4.044902270107277,43.34224907010727,-4.047601929892721,8XV3+CC Torrelavega,8CMQ8XV3+CC,,
OPERATIONAL,"N-634, Pk 244, 7, 39500 Cabezón de la Sal, Cantabria",https://maps.gstatic.com/mapfiles/place_api/icons/v1/png_71/gas_station-71.png,Estación de servicio Cepsa,"[{'height': 750, 'html_attributions': ['<a href=""https://maps.google.com/maps/contrib/114131431659474869919"">A Google User</a>'], 'photo_reference': 'ATtYBwI2bxKVOOPRcMu5-LVT7H70VWeClRClmy5_38K7Sc0peb3iUBlD7507xTt9S1J_nJ9ugyC_DMqbn6Jlvn0a17qPKqeIg74mG2AKHFlgIc0o4HzpsI5eu1Wk6hZ0ujWAOGZQU8DClgFq-JTqTO2HqnPBRmQSksLXrx8xVXV-IujyJCao', 'width': 750}]",ChIJ8QeKb4IRSQ0Re4qXzBKrSi0,3.8,ChIJ8QeKb4IRSQ0Re4qXzBKrSi0,"['gas_station', 'point_of_interest', 'establishment']",34,43.323374,-4.193078,43.32472207989272,-4.191803470107278,43.32202242010728,-4.194503129892722,8RF4+8Q Cabezón de la Sal,8CMQ8RF4+8Q,False,
OPERATIONAL,"Calle de la Constitución, 17, 39410 Mataporquera, Cantabria",https://maps.gstatic.com/mapfiles/place_api/icons/v1/png_71/generic_business-71.png,Estacíon de Mataporquera Adif,,ChIJbYh3N7nvSA0RlrGmUOU1evk,0.0,ChIJbYh3N7nvSA0RlrGmUOU1evk,"['point_of_interest', 'establishment']",0,42.8711079,-4.164958299999999,42.87278282989273,-4.163956720107278,42.87008317010728,-4.166656379892722,VRCP+C2 Mataporquera,8CJQVRCP+C2,,
OPERATIONAL,"Cr N-623, 116 I 39699, Villegar, Cantabria",https://maps.gstatic.com/mapfiles/place_api/icons/v1/png_71/gas_station-71.png,Estación de Servicio Repsol,"[{'height': 1836, 'html_attributions': ['<a href=""https://maps.google.com/maps/contrib/108974539108529096111"">A Google User</a>'], 'photo_reference': 'ATtYBwI7BNrQvTzFJKCsIsWCXlfjE4IhFaykrx_KSXM8ipmGqcISms1SUzWSgldQ9Zqd8nP63kf41AMRgQlZ6uD5twelOY75mPeqzIX_l99b0Au-SyibFA0UC0ev8C96glTe3GGTNTTOvjuMbIrt1eGbGPA5pPtWKg_ztNDfFSyp-6mX0wLe', 'width': 3264}]",ChIJ8_ByZ6QlSQ0RK0227UbmNZg,3.9,ChIJ8_ByZ6QlSQ0RK0227UbmNZg,"['gas_station', 'car_wash', 'point_of_interest', 'establishment']",78,43.2194002,-3.944057099999999,43.22078137989272,-3.942616770107279,43.21808172010728,-3.945316429892722,6394+Q9 Villegar,8CMR6394+Q9,True,
OPERATIONAL,"Barrio la Sota Cr Sv-4303, Barrio la Sota, Pk 1,5, 39794 Anero, Cantabria",https://maps.gstatic.com/mapfiles/place_api/icons/v1/png_71/gas_station-71.png,Gasolinera Cepsa,"[{'height': 4128, 'html_attributions': ['<a href=""https://maps.google.com/maps/contrib/101172304054574954357"">Andreea Miruna</a>'], 'photo_reference': 'ATtYBwLXz3dKSwQJKMfQOhfhO3OnNetV2bCnEYzO_eoKdDlzCaNpUZxaqsoFEXNXGUElrGguuzFZO8Wh8SiyNXmT78EhFMgj2VuObc9nkODJfa9eoQqHFDIlUzU5_aKXRfGVTpFGZpghbrA3ozqRxvVJ087i8wlB4JPKDhK_I8DXXHDQvanL', 'width': 3096}]",ChIJp87x1ivKTg0RLc7cBfXeRbk,4.0,ChIJp87x1ivKTg0RLc7cBfXeRbk,"['gas_station', 'point_of_interest', 'establishment']",102,43.39109939999999,-3.6650156,43.39262007989272,-3.663222220107277,43.38992042010727,-3.665921879892721,98RM+CX Anero,8CMR98RM+CX,,
OPERATIONAL,"Ctra. Km.130,1, N-611, 39211 Fombellida, Cantabria",https://maps.gstatic.com/mapfiles/place_api/icons/v1/png_71/gas_station-71.png,Área de Servicio AVIA Fombellida,"[{'height': 3024, 'html_attributions': ['<a href=""https://maps.google.com/maps/contrib/116915616428062393157"">Adolfo Plaza Bedmar</a>'], 'photo_reference': 'ATtYBwK0kJOCuvI2l_BYgJ2jPK86Uc9JuzwG-iGWZSBlzVI-w4iclocz5gFR2IFLXVIyWDfd8TL0Qxq4UF_gjsiIAfVwP24ZY1aiEK6bLadUJkC9t_5pTsdzCGwdob6kNEJlvhtQRp4vvVWKqGI92Vxs0wnLKNN1Whh3e7uNpuuMeR9IBWkd', 'width': 4032}]",ChIJawz2gpvoSA0RGvW2tOjiE0w,4.2,ChIJawz2gpvoSA0RGvW2tOjiE0w,"['gas_station', 'parking', 'cafe', 'restaurant', 'food', 'point_of_interest', 'store', 'establishment']",841,42.940108,-4.123334,42.94120062989272,-4.122121870107278,42.93850097010727,-4.124821529892722,WVRG+2M Fombellida,8CJQWVRG+2M,True,
OPERATIONAL,"39008 Santander, Cantabria",https://maps.gstatic.com/mapfiles/place_api/icons/v1/png_71/train-71.png,Santander,"[{'height': 2460, 'html_attributions': ['<a href=""https://maps.google.com/maps/contrib/110811807244210489713"">averoanorce</a>'], 'photo_reference': 'ATtYBwIeqasG8b2g_08lEgNNLkvpl4Rl-RoG8Hv_Cswjljn7Sz7KQn06nXKd96qBeaPATzavgkk2se34ziMsIhV3zfzrvH27lzkp7rsIlgDK4ZlXa53Vezk0a75Y5pHPL1Hz6L7Wxw1sbvx3yeUfK4goSH3xXffCFZPyIAaud-n9D3ZKrF5v', 'width': 3280}]",ChIJ54TROTNKSQ0RuM4QZfXBZJ0,3.8,ChIJ54TROTNKSQ0RuM4QZfXBZJ0,"['train_station', 'transit_station', 'point_of_interest', 'establishment']",241,43.4583294,-3.810976299999999,43.45967922989271,-3.809626470107277,43.45697957010727,-3.812326129892721,F55Q+8J Santander,8CMRF55Q+8J,,
OPERATIONAL,"39400 Los Corrales de Buelna, Cantabria",https://maps.gstatic.com/mapfiles/place_api/icons/v1/png_71/train-71.png,Los Corrales de Buelna,"[{'height': 3000, 'html_attributions': ['<a href=""https://maps.google.com/maps/contrib/111371409647596474119"">V Cossio</a>'], 'photo_reference': 'ATtYBwKtT2eJZsZPXOtKqfjy3P93ve9LcSh65AjmoUfH0OlWvoa1bBF4Sn6drv6XJ2L3G9UgCdVeI1IPfBa6IhHmRcZxrQdMdkebg8QrE0_FnLlU93ydhsQtmbRxG0SDf2ek9X2tq7F-NeeaQYfMLMu2y8NYLgWSfnVx6i6uH4GYtkeFm2j-', 'width': 4000}]",ChIJvZ-zh6wiSQ0RYTAaecriCdU,4.1,ChIJvZ-zh6wiSQ0RYTAaecriCdU,"['train_station', 'transit_station', 'point_of_interest', 'establishment']",7,43.255076,-4.063922,43.25640762989272,-4.062661270107278,43.25370797010728,-4.065360929892722,7W4P+2C Los Corrales de Buelna,8CMQ7W4P+2C,,
OPERATIONAL,"Arraiz Bidea, 116, 48002 Bilbo, Bizkaia",https://maps.gstatic.com/mapfiles/place_api/icons/v1/png_71/generic_business-71.png,Wenea Estación de carga,,ChIJc_PKfQNRTg0RdujcywX146Q,0.0,ChIJc_PKfQNRTg0RdujcywX146Q,"['point_of_interest', 'establishment']",0,43.2415141,-2.9604141,43.24287872989272,-2.959030620107278,43.24017907010727,-2.961730279892723,62RQ+JR Bilbao,8CMV62RQ+JR,,
OPERATIONAL,"N-611, Pk 197, 39478 Arce, Cantabria",https://maps.gstatic.com/mapfiles/place_api/icons/v1/png_71/gas_station-71.png,Estación de servicio Cepsa,"[{'height': 750, 'html_attributions': ['<a href=""https://maps.google.com/maps/contrib/107787829008452817350"">A Google User</a>'], 'photo_reference': 'ATtYBwKo8KPsGKxRg02EdQybSa30R6lwUqs4BYD_px8zTO0bdnE5Zeqpj5xSyC2sfjmffHM-IWFOMOTnuu17lfo1mROgQ3mBYHwlscPhffGGHPdrghFbALlG_OOhl4AseUqt5MG60GiEu9qd2LxFyjTmvaPnXyc-h-l2LNj0Nkd3gbxCoDNY', 'width': 750}]",ChIJ3bFxc304SQ0RFMMs2yt2RbU,4.1,ChIJ3bFxc304SQ0RFMMs2yt2RbU,"['gas_station', 'point_of_interest', 'establishment']",42,43.408475,-3.945767,43.40987227989272,-3.944526620107278,43.40717262010727,-3.947226279892722,C353+9M Arce,8CMRC353+9M,True,
OPERATIONAL,"Calle Santander, 15, 39500 Cabezón de la Sal, Cantabria",https://maps.gstatic.com/mapfiles/place_api/icons/v1/png_71/gas_station-71.png,Repsol,"[{'height': 3000, 'html_attributions': ['<a href=""https://maps.google.com/maps/contrib/117361116812548407358"">A Google User</a>'], 'photo_reference': 'ATtYBwJALSFDxIbhMvZrpHxdi45oHMUHB-n2uRgDa6d-Nl_Gpo2Hf-8P8L5k6sDiabv9jywnTD4WE4h-f9NuZYUWw66kpqsXwZMyF2jbYFkbuB3APshd-uf3o0ZRp0TvUkFtyfy9r8zGsw4dV2nUHGVH2qM5N6ulBLkTKL72iLyqKIz2WFSS', 'width': 4000}]",ChIJZU5uiR8OSQ0RYXWx_IcBU3I,4.2,ChIJZU5uiR8OSQ0RYXWx_IcBU3I,"['gas_station', 'point_of_interest', 'establishment']",34,43.309371,-4.234989,43.31075017989271,-4.233683920107278,43.30805052010727,-4.236383579892721,8Q58+P2 Cabezón de la Sal,8CMQ8Q58+P2,True,
OPERATIONAL,"Av. Cantabria, 1495, 39318 Cudón, Cantabria",https://maps.gstatic.com/mapfiles/place_api/icons/v1/png_71/generic_business-71.png,Transportes El Centro,"[{'height': 450, 'html_attributions': ['<a href=""https://maps.google.com/maps/contrib/117200869372526123329"">Transportes El Centro</a>'], 'photo_reference': 'ATtYBwIjk9Qb76NElIp6hna3UBkEOVQGuLkKNP5xY9GMuik7jVoA3wu_2_5WzXNkNIXucpmlWmD8YZWzS7tcgLeccEajzP4u_qluGP650K8KBdoGIm0Yg0lCguTkOdvF-VEfcRdqGJ7zgQc_3qxyWCKXbfppLzPdJjevSenT3o9b8u3e5rcB', 'width': 600}]",ChIJRRs7KZ5ASQ0RHVZovarIKbM,0.0,ChIJRRs7KZ5ASQ0RHVZovarIKbM,"['point_of_interest', 'establishment']",0,43.41383,-4.011240000000001,43.41518792989272,-4.009949070107279,43.41248827010727,-4.012648729892723,CX7Q+GG Cudón,8CMQCX7Q+GG,,
OPERATIONAL,"Carretera Reinosa-Alto Campoo km 24, 39210, Cantabria",https://maps.gstatic.com/mapfiles/place_api/icons/v1/png_71/generic_business-71.png,Estación de Esquí y Montaña Alto Campoo,"[{'height': 605, 'html_attributions': ['<a href=""https://maps.google.com/maps/contrib/114124765595340529100"">A Google User</a>'], 'photo_reference': 'ATtYBwI8kfEeXSlN_u2GC8yinZ0llnRgBV1CivFVzCt9k7aMUpzL6JkCgEAvJ3Ah-tTXSOzs1k2nK6_vXbe-XY1KdAd8q2b_Kc5LdDYFQolHSMrWnSpKCJCgDFI3v4pi4YcxDjoTgybRikA0awee04zCe9NP3C3ZRNx3V0ssTTleXyEipyD6', 'width': 1400}]",ChIJvyGkTaDkSA0RkLETLZEcaa8,4.2,ChIJvyGkTaDkSA0RkLETLZEcaa8,"['point_of_interest', 'establishment']",1729,43.0371406,-4.373588499999999,43.03830802989273,-4.371875620107278,43.03560837010728,-4.374575279892722,2JPG+VH Brañavieja,8CMQ2JPG+VH,,
OPERATIONAL,"Pol. Ind. Candina, Av. Candina, 20, 39011 Santander, Cantabria",https://maps.gstatic.com/mapfiles/place_api/icons/v1/png_71/generic_business-71.png,NACEX,"[{'height': 270, 'html_attributions': ['<a href=""https://maps.google.com/maps/contrib/108774268371872570715"">Nacex</a>'], 'photo_reference': 'ATtYBwICgs8P56vdyUShMU9BWTOd99a4voHx_SnMCMOdbMYpHtIdy18sM3UOfqx-MGxhf3ICG3Z8jIXqJsVinERhXQnAnirnt8gN0xAYAfu3vchrLWmXDIZbEa6WOuZ9SeqXO2dPynqnFIQsiucOqn_wNryW-XYD4Ob7WsXJlZ690btFZ-jn', 'width': 480}]",ChIJfbZhaIRJSQ0Rjfft_X9IjEU,3.3,ChIJfbZhaIRJSQ0Rjfft_X9IjEU,"['moving_company', 'point_of_interest', 'establishment']",105,43.4524204,-3.8316668,43.45372037989273,-3.830290720107278,43.45102072010729,-3.832990379892722,F529+X8 Santander,8CMRF529+X8,True,
OPERATIONAL,"Calle la Quinta, 27, 39750 Colindres, Cantabria",https://maps.gstatic.com/mapfiles/place_api/icons/v1/png_71/generic_business-71.png,NACEX,"[{'height': 270, 'html_attributions': ['<a href=""https://maps.google.com/maps/contrib/109633860455475066440"">Nacex</a>'], 'photo_reference': 'ATtYBwKA3vIRfx7rKHocCG1QwlmKxxCmr8ODfb8zet-uMwA7ye5ahu00ZbIqP5icHvJLBtLf8cDkJiJeZygOBgiSCdI-ZWz-bRw5oFM1l7hB_0bTGe3zzq1GlMxdIXwLgBjc-iWl5L_KMEnQVtm_t-QnxhPxc4w-Tb_XCtAWxZHOby6AuFHr', 'width': 480}]",ChIJ4RTeU63BTg0R9qcC2S7u54w,4.4,ChIJ4RTeU63BTg0R9qcC2S7u54w,"['moving_company', 'point_of_interest', 'establishment']",88,43.3936682,-3.4499529,43.39502072989272,-3.448693370107278,43.39232107010728,-3.451393029892723,9HV2+F2 Colindres,8CMR9HV2+F2,True,
OPERATIONAL,"CA-270, S/N Km. 200, 39691 Santiurde de Toranzo, Cantabria",https://maps.gstatic.com/mapfiles/place_api/icons/v1/png_71/gas_station-71.png,Repsol Soto Iruz,"[{'height': 2048, 'html_attributions': ['<a href=""https://maps.google.com/maps/contrib/112998886434707166062"">A Google User</a>'], 'photo_reference': 'ATtYBwLZiKAoZKBnMwYpmaw97_xtaaUYmpiQ68zyFp6EJIlGVai1NJQxf0M1zf3lEJY0AEuw5nO3Gw0QgysAyf4yiPECtH7LiTapKql7ZZj37DHnG1Y0FdIGUMv1Cq9KWxj0YQ8C5O12SL8Q01qRmYry8yYV10t3OyaaveYlC7UhR-2_sfHb', 'width': 1536}]",ChIJtX90E8U6SQ0RNNSaEXAGjKY,4.3,ChIJtX90E8U6SQ0RNNSaEXAGjKY,"['gas_station', 'point_of_interest', 'establishment']",32,43.2728935,-3.9352861,43.27427452989272,-3.933847720107277,43.27157487010728,-3.936547379892721,73F7+5V Santiurde de Toranzo,8CMR73F7+5V,True,
