business_status,formatted_address,icon,name,photos,place_id,rating,reference,types,user_ratings_total,geometry.location.lat,geometry.location.lng,geometry.viewport.northeast.lat,geometry.viewport.northeast.lng,geometry.viewport.southwest.lat,geometry.viewport.southwest.lng,opening_hours.open_now,plus_code.compound_code,plus_code.global_code
OPERATIONAL,"Plaza de Aragón, 22300 Barbastro, Huesca",https://maps.gstatic.com/mapfiles/place_api/icons/v1/png_71/generic_business-71.png,Estación de carga de vehículos eléctricos,"[{'height': 4160, 'html_attributions': ['<a href=""https://maps.google.com/maps/contrib/100936793589783040936"">Daniel</a>'], 'photo_reference': 'ATtYBwKSRKhDyycrdCLzqViBOFVTSUTWXrXF0_Q-GIB5PZQJztSt00Y_noqJ_9qlxshnyPSyTZog_mvAvINYZG-rAiR3Rhx-akEhvEwFDCCaW96lOJZOBFJeIk4JOu_TnKl8wnoJJXIyCPXUtRGK4BG5PWHmtU-0i1UrgWfoeJ8rGxVnkgE8', 'width': 2340}]",ChIJVUBVX46FpxIRwc0w97UlgHQ,0.0,ChIJVUBVX46FpxIRwc0w97UlgHQ,"['point_of_interest', 'establishment']",0,42.035351,0.1213713,42.03667612989272,0.1227270298927222,42.03397647010728,0.1200273701072778,True,24PC+4G Barbastro,8FJ224PC+4G
OPERATIONAL,"Calle de San Roque, 1, 6, 50230 Alhama de Aragón, Zaragoza",https://maps.gstatic.com/mapfiles/place_api/icons/v1/png_71/generic_business-71.png,Tesla Destination Charger,,ChIJVS_ibm9-Ww0Rdmw9zJHqVZQ,0.0,ChIJVS_ibm9-Ww0Rdmw9zJHqVZQ,"['point_of_interest', 'establishment']",0,41.294603,-1.896894,41.29582177989273,-1.895757720107277,41.29312212010728,-1.898457379892722,,74V3+R6 Alhama de Aragón,8CHW74V3+R6
OPERATIONAL,"Plaza Cortes de Aragón, 5, 22700 Jaca, Huesca",https://maps.gstatic.com/mapfiles/place_api/icons/v1/png_71/generic_business-71.png,Estación de carga de vehículos eléctricos,,ChIJxcYGlp6BVw0Rkkj2P3OyRCE,0.0,ChIJxcYGlp6BVw0Rkkj2P3OyRCE,"['point_of_interest', 'establishment']",0,42.5695049,-0.5510974,42.57084052989273,-0.5497113701072778,42.56814087010728,-0.5524110298927223,True,HC9X+RH Jaca,8CJXHC9X+RH
OPERATIONAL,"Camino de la Paridera de Costa, 50012 Zaragoza",https://maps.gstatic.com/mapfiles/place_api/icons/v1/png_71/generic_business-71.png,Tesla Supercharger,"[{'height': 3024, 'html_attributions': ['<a href=""https://maps.google.com/maps/contrib/101569190667663160091"">Dan&#39;s Model3</a>'], 'photo_reference': 'ATtYBwI7NFc-IBSp53ERZwH7Uatd68pWfXYOMbh3ic9arc0V6Io8PG8yPLhsQmhQH50ZY6WOizeLIY1MMEYlQYsap9hXi-hr09-NE3KQOIAVsBuWZm-AqAL4JenzBQ96haSDhbjXmVXo2MhOqKBgFAlYYEIQq6PrPbziUl4aLeWg0uQ_JC-N', 'width': 4032}]",ChIJLXlFl7ppWQ0Rd3_b-DVIh2g,4.5,ChIJLXlFl7ppWQ0Rd3_b-DVIh2g,"['point_of_interest', 'establishment']",27,41.6241118,-1.0109892,41.62544807989273,-1.009380820107278,41.62274842010728,-1.012080479892722,True,JXFQ+JJ Zaragoza,8CHWJXFQ+JJ
OPERATIONAL,"43896 L'Aldea, Tarragona",https://maps.gstatic.com/mapfiles/place_api/icons/v1/png_71/generic_business-71.png,Tesla Supercharger,"[{'height': 3024, 'html_attributions': ['<a href=""https://maps.google.com/maps/contrib/114933419906706842511"">Dirk Feldheim</a>'], 'photo_reference': 'ATtYBwIkafAStK5MrlP6XxNeIo40yBcXpdEyKPnJ0rbakczg7NRGHZbGgv1pkKmoSKYDm9IV2XlV9CvIpyn1_iBaf8ImZjASgtrW1pk63fvDgQjw_lD_0ei7H-n6HV1ehkP3cONN4OQjfdEoutAbi6gSS5AK0BFd_C8XWQF8afxync-ZcOE6', 'width': 4032}]",ChIJIUky2H0CoRIRcK82QOmV33A,4.1,ChIJIUky2H0CoRIRcK82QOmV33A,"['point_of_interest', 'establishment']",45,40.7529908,0.6064047,40.75437002989273,0.6083093798927224,40.75167037010728,0.6056097201072779,True,QJ34+5H La Aldea,8FG2QJ34+5H
OPERATIONAL,"Av. de Casablanca, 11, 50019 Zaragoza",https://maps.gstatic.com/mapfiles/place_api/icons/v1/png_71/generic_business-71.png,IBIL Charging Station,,ChIJF01BrfZqWQ0RlqpUYXxXCG0,0.0,ChIJF01BrfZqWQ0RlqpUYXxXCG0,"['point_of_interest', 'establishment']",0,41.6231572,-0.9392436999999999,41.62449237989272,-0.9378704201072781,41.62179272010728,-0.9405700798927223,True,J3F6+78 Zaragoza,8CHXJ3F6+78
OPERATIONAL,"Ctra. Corella, 31500 Tudela, Navarra",https://maps.gstatic.com/mapfiles/place_api/icons/v1/png_71/generic_business-71.png,Iberdrola Clientes Charging Station,,ChIJIe5QKGFPWg0Rtn9kcMfFnAg,0.0,ChIJIe5QKGFPWg0Rtn9kcMfFnAg,"['point_of_interest', 'establishment']",0,42.06233100000001,-1.620353,42.06365587989273,-1.619013220107278,42.06095622010729,-1.621712879892722,True,396H+WV Tudela,8CJW396H+WV
OPERATIONAL,"Carrer Metge José Pérez Martínez, 1, 46160 Llíria, Valencia",https://maps.gstatic.com/mapfiles/place_api/icons/v1/png_71/generic_business-71.png,Iberdrola Estación de carga,"[{'height': 3000, 'html_attributions': ['<a href=""https://maps.google.com/maps/contrib/106906675843823052187"">Joan Silvestre Bonet</a>'], 'photo_reference': 'ATtYBwLHpBFZQ83WX07MVUQyNZ6O7uHGcGvjWv5tVIMqGNXxgaDiBycaDlSt5ahoznEm3vUZf5Cfc8tq9bOzmiptpMxGWOZRPYgq5BEqkDlgoml0FfOD9D8Ve2l8GsmkvraCm5zozTwWp24ns9xxYVYt_ngZ4-vV0X9Lh1IBi_hoLaTTcgct', 'width': 4000}]",ChIJU33X4SJfYA0RHBzXMVkp3YY,5.0,ChIJU33X4SJfYA0RHBzXMVkp3YY,"['point_of_interest', 'establishment']",2,39.6332084,-0.5922097,39.63453122989272,-0.5908869201072776,39.63183157010727,-0.5935865798927221,True,JCM5+74 Liria,8CFXJCM5+74
OPERATIONAL,"Av. Juan Pablo II, 4, 31006 Pamplona, Navarra",https://maps.gstatic.com/mapfiles/place_api/icons/v1/png_71/generic_business-71.png,Iberdrola Clientes Charging Station,,ChIJv0eC-q-TUA0RIC8U1SuCBj0,5.0,ChIJv0eC-q-TUA0RIC8U1SuCBj0,"['point_of_interest', 'establishment']",1,42.8041,-1.628,42.80552717989272,-1.626519320107278,42.80282752010728,-1.629218979892722,True,R93C+JR Pamplona,8CJWR93C+JR
OPERATIONAL,"Av. de Burgos, 49, 26006 Logroño, La Rioja",https://maps.gstatic.com/mapfiles/place_api/icons/v1/png_71/generic_business-71.png,Iberdrola Clientes Charging Station,"[{'height': 452, 'html_attributions': ['<a href=""https://maps.google.com/maps/contrib/109185068800590779382"">Javi Mendez</a>'], 'photo_reference': 'ATtYBwKyQZd4D9azzaurnLQWy7asQK3JJIOb6Z4NN8tqbBiGaG40VqvIYO0YNxRjol5mO0WkI6j_p4Cv2SjgfSEE_Ty631IjWEgMzONGWFs6zsdm63IEN2oGIeM-u6NUaQlu_qdnslbKUT6aBwy2s4uFTM9xu4rpbzyE3KIqSsF4Y4E1zaJJ', 'width': 800}]",ChIJORTFRrdURQ0R2bM5FVdN6Zg,0.0,ChIJORTFRrdURQ0R2bM5FVdN6Zg,"['point_of_interest', 'establishment']",0,42.4615534,-2.4692679,42.46297387989271,-2.468013570107277,42.46027422010727,-2.470713229892722,True,FG6J+J7 Logroño,8CJVFG6J+J7
OPERATIONAL,"Calle Teatro Malibrán, 28, 50021 Zaragoza",https://maps.gstatic.com/mapfiles/place_api/icons/v1/png_71/generic_business-71.png,Iberdrola Clientes Charging Station,,ChIJ3ytMVVsVWQ0R4_Rl5Wtt6e8,5.0,ChIJ3ytMVVsVWQ0R4_Rl5Wtt6e8,"['point_of_interest', 'establishment']",1,41.6077,-0.8914,41.60906122989272,-0.8896623701072777,41.60636157010727,-0.8923620298927222,True,J455+3C Zaragoza,8CHXJ455+3C
OPERATIONAL,"17 Rue Louis Aragon, 24750 Champcevinel, Francia",https://maps.gstatic.com/mapfiles/place_api/icons/v1/png_71/generic_business-71.png,SDE Dordogne Charging Station,,ChIJm5peLoRx_0cRZQivJ_x7Toc,0.0,ChIJm5peLoRx_0cRZQivJ_x7Toc,"['point_of_interest', 'establishment']",0,45.2169075,0.7275609,45.21826312989271,0.7288982298927223,45.21556347010727,0.7261985701072778,True,"6P8H+Q2 Champcevinel, Francia",8FQ26P8H+Q2
OPERATIONAL,"Av. de los Hermanos Machado, 137, 46025 Valencia",https://maps.gstatic.com/mapfiles/place_api/icons/v1/png_71/generic_business-71.png,Lugenergy Estación de carga,"[{'height': 1600, 'html_attributions': ['<a href=""https://maps.google.com/maps/contrib/103463948704173580992"">LugEnergy</a>'], 'photo_reference': 'ATtYBwKZ3hZQBtoTPW6VFSI7lv1RTjdlMJP-w42ibDY6cnZndOC2dmB3Ueg3PZ6Em6Cc6IX4jJjjmvyl0yy4wYF6pGv2S1w2lf7eH52TaRIsxSVg4zE6KvZsRsRwTmdkVB1juHiF8ESKsZIiqeDjrbvLenqpKkFJF_IcNYxTrCAyEVXrl13j', 'width': 1200}]",ChIJQe4HfUxPYA0RceNWjkOE2lU,5.0,ChIJQe4HfUxPYA0RceNWjkOE2lU,"['point_of_interest', 'establishment']",234,39.4978749,-0.3826875,39.49925057989272,-0.3812599701072777,39.49655092010727,-0.3839596298927222,False,FJX8+4W Valencia,8CFXFJX8+4W
OPERATIONAL,"Autovía de Logroño, 0,300, 50011 Zaragoza",https://maps.gstatic.com/mapfiles/place_api/icons/v1/png_71/generic_business-71.png,Zoilo Ríos Estación de carga,,ChIJG-UIcvBrWQ0REhbPZqTylHA,0.0,ChIJG-UIcvBrWQ0REhbPZqTylHA,"['point_of_interest', 'establishment']",0,41.6604005,-0.9250773,41.66175732989273,-0.9236926201072779,41.65905767010728,-0.9263922798927222,True,M36F+5X Zaragoza,8CHXM36F+5X
OPERATIONAL,"Espace Aragon, 38190 Villard-Bonnot, Francia",https://maps.gstatic.com/mapfiles/place_api/icons/v1/png_71/generic_business-71.png,Réseau eborn Charging Station,,ChIJjVHpl15ZikcR-wzZH36IccU,0.0,ChIJjVHpl15ZikcR-wzZH36IccU,"['point_of_interest', 'establishment']",0,45.2383,5.888789999999999,45.23963232989271,5.890164879892722,45.23693267010727,5.887465220107277,,"6VQQ+8G Villard-Bonnot, Francia",8FQ76VQQ+8G
OPERATIONAL,"Calle Carr. de madrid, 50220 Ariza, Zaragoza",https://maps.gstatic.com/mapfiles/place_api/icons/v1/png_71/generic_business-71.png,Supercargador TESLA,"[{'height': 1080, 'html_attributions': ['<a href=""https://maps.google.com/maps/contrib/107401668091702188906"">Juanjo Delgado</a>'], 'photo_reference': 'ATtYBwL3CVO9Fas2Y7-lXroQwGMgzTtMBabp4qvfA8EWcvBbcrPUUUXJg6afXPpc2H9sxZZCnYFxV2vbNrWukeHWDz30hj7gg89PVK9Y4Qup2xJJ1d8-kD0NhweYc98n7zTscdbGM4s2lnPOXtidTMgauxKkTIqMSd_3YDlTB6f1GQcB2xOD', 'width': 1620}]",ChIJX7HrqCRjWw0RBolW8QQMsoA,4.0,ChIJX7HrqCRjWw0RBolW8QQMsoA,"['point_of_interest', 'establishment']",79,41.3131364,-2.0026174,41.31430017989272,-2.001287520107278,41.31160052010728,-2.003987179892722,True,8X7W+7X Ariza,8CHV8X7W+7X
OPERATIONAL,"Av. de Salvador Allende, 105, Local, 50015 Zaragoza",https://maps.gstatic.com/mapfiles/place_api/icons/v1/png_71/generic_business-71.png,Puntos de Recarga,,ChIJfYKDAH4TWQ0RH1mlfOqmJHQ,0.0,ChIJfYKDAH4TWQ0RH1mlfOqmJHQ,"['point_of_interest', 'establishment']",0,41.6778596,-0.8722631999999999,41.67912342989272,-0.8709223201072777,41.67642377010727,-0.8736219798927222,,M4HH+43 Zaragoza,8CHXM4HH+43
OPERATIONAL,"Carretera Estacion Ferrocarril, S/N, 50230 Alhama de Aragón, Zaragoza",https://maps.gstatic.com/mapfiles/place_api/icons/v1/png_71/generic_business-71.png,Estacíon de Alhama De Aragon Adif,,ChIJ9Z0R2wF_Ww0RzMH5d29Io-Q,0.0,ChIJ9Z0R2wF_Ww0RzMH5d29Io-Q,"['point_of_interest', 'establishment']",0,41.2943278,-1.9043271,41.29561147989272,-1.902960520107277,41.29291182010728,-1.905660179892722,,73VW+P7 Alhama de Aragón,8CHW73VW+P7
OPERATIONAL,"A-68, P.K. 258,25 DE, 50692 Villarrapa, Zaragoza",https://maps.gstatic.com/mapfiles/place_api/icons/v1/png_71/gas_station-71.png,Estación de Servicio Repsol,"[{'height': 1960, 'html_attributions': ['<a href=""https://maps.google.com/maps/contrib/114305475943969856405"">Mihai Vladasel</a>'], 'photo_reference': 'ATtYBwLCaeux3W99fvVeyNMQJtTN8zaBaDKl56uxrcldhLxy-lnRqLxwzw3O5DpP5bvQ4qUXAN94-G1aswmydCG5WfYLhZwhsZtle-HmviB4xtXirVUIKboMTJhuf3ivqJlYsaO570pjZG5nuqteBTnnZ0eSvbXNw7pBaBzW-UEDS5Fft8f2', 'width': 4032}]",ChIJr26qu6NvWQ0RGUUll9KXvgc,3.8,ChIJr26qu6NvWQ0RGUUll9KXvgc,"['gas_station', 'car_wash', 'point_of_interest', 'establishment']",252,41.74049249999999,-1.0789535,41.74165152989272,-1.077742020107278,41.73895187010728,-1.080441679892722,True,PWRC+5C Villarrapa,8CHWPWRC+5C
OPERATIONAL,"FFCC. Hidalgo No. 864, Aragón, C.P. 07000, Gustavo A. Madero, Ciudad de México, CDMX, México",https://maps.gstatic.com/mapfiles/place_api/icons/v1/png_71/generic_business-71.png,Nissan Estación de carga,,ChIJ3f025cX70YURV1kv48usDrM,0.0,ChIJ3f025cX70YURV1kv48usDrM,"['point_of_interest', 'establishment']",0,19.4704936,-99.08570379999999,19.47187757989272,-99.08444542010727,19.46917792010728,-99.08714507989271,,"FWC7+5P Ciudad de México, Cd. de México, México",76F2FWC7+5P
OPERATIONAL,"15 Espl. Louis Aragon, 76470 Le Tréport, Francia",https://maps.gstatic.com/mapfiles/place_api/icons/v1/png_71/generic_business-71.png,SDE Seine-Maritime Charging Station,,ChIJc50DrXoB3kcRgo2HfcecHz8,0.0,ChIJc50DrXoB3kcRgo2HfcecHz8,"['point_of_interest', 'establishment']",0,50.06195899999999,1.367192,50.06318292989273,1.368735029892722,50.06048327010728,1.366035370107278,True,"3968+QV Le Tréport, Francia",9F233968+QV
OPERATIONAL,"Av. de Aragon, S/N, 22500 Binéfar, Huesca",https://maps.gstatic.com/mapfiles/place_api/icons/v1/png_71/generic_business-71.png,Estacíon de Binefar Adif,,ChIJN6rLnFN1pxIRNfAETujV4kA,0.0,ChIJN6rLnFN1pxIRNfAETujV4kA,"['point_of_interest', 'establishment']",0,41.8497548,0.291386,41.85112662989272,0.2928194798927222,41.84842697010728,0.2901198201072778,,R7XR+WH Binéfar,8FH2R7XR+WH
OPERATIONAL,"Plaza Del, Plaza Reino de Aragón, 1, 44510, Teruel",https://maps.gstatic.com/mapfiles/place_api/icons/v1/png_71/generic_business-71.png,Estacíon de La Puebla De Hijar Adif,,ChIJ_Ug5Y_EzXw0RBNK1xu7n2nM,0.0,ChIJ_Ug5Y_EzXw0RBNK1xu7n2nM,"['point_of_interest', 'establishment']",0,41.2243315,-0.4385412,41.22568132989272,-0.4371913701072778,41.22298167010727,-0.4398910298927222,,6HF6+PH La Estación,8CHX6HF6+PH
OPERATIONAL,"Calle, Ronda de Aragón, S/N, 22260 Grañén, Huesca",https://maps.gstatic.com/mapfiles/place_api/icons/v1/png_71/generic_business-71.png,Estacíon de Grañen Adif,"[{'height': 2448, 'html_attributions': ['<a href=""https://maps.google.com/maps/contrib/101222091962420446131"">alcorze</a>'], 'photo_reference': 'ATtYBwLgnZw8lkZmdlVkc6U-QdnU86REU7ZYm2xheVvIPqyr8vTcBG8_rm0jIQpsL1vl4DPUyVPjr9cgXswuW5NSwdDln-QkUZTCi6MEGbq8H8It4-EopGdtMCf1x6EzamWb2727O7v9ZAQAer4XMbMrA67kg9ZNhHI0g6vT_RdN4aA3sRle', 'width': 3264}]",ChIJjdpgpjFfWA0R2hzDMkHx0xE,0.0,ChIJjdpgpjFfWA0R2hzDMkHx0xE,"['point_of_interest', 'establishment']",0,41.937981,-0.3693002,41.93941707989273,-0.3679861701072777,41.93671742010728,-0.3706858298927222,,WJQJ+57 Grañén,8CHXWJQJ+57
OPERATIONAL,"Aragon 23, 7007 MX Doetinchem, Países Bajos",https://maps.gstatic.com/mapfiles/place_api/icons/v1/png_71/generic_business-71.png,Allego Charging Station,,ChIJXUne2Vqbx0cR9NA-G62Lt94,0.0,ChIJXUne2Vqbx0cR9NA-G62Lt94,"['point_of_interest', 'establishment']",0,51.949886,6.263521,51.95136422989273,6.264480029892722,51.94866457010728,6.261780370107278,True,"W7X7+XC Doetinchem, Países Bajos",9F38W7X7+XC
OPERATIONAL,"Calle Corona de Aragón, 52 IZ, 22300 Barbastro, Huesca",https://maps.gstatic.com/mapfiles/place_api/icons/v1/png_71/gas_station-71.png,Estación de Servicio Repsol,"[{'height': 608, 'html_attributions': ['<a href=""https://maps.google.com/maps/contrib/106891862301548874499"">A Google User</a>'], 'photo_reference': 'ATtYBwJgOs7voEmp9gkuymm5dQGhd5TIsFakFeP5a83WRgy1QcjSanf2DmA9cr71bV5k9H_APlcCFub35awucds23K6QNKe2RQzj4ojJptxvfe9osdv9VSR9o7iMyzpktPm0e9n_4owtYQhjyB6WFiw6Ge-19LFW0I2XN8yAUpNXvDsw_zV4', 'width': 1080}]",ChIJC2t5IOGEpxIR7Bkus-ko8KM,4.1,ChIJC2t5IOGEpxIR7Bkus-ko8KM,"['gas_station', 'car_wash', 'point_of_interest', 'establishment']",109,42.0346932,0.1282539,42.03599137989272,0.1297083798927222,42.03329172010728,0.1270087201072778,True,24MH+V8 Barbastro,8FJ224MH+V8
OPERATIONAL,"33-75 W 3rd Ave, San Mateo, CA 94402, Estados Unidos",https://maps.gstatic.com/mapfiles/place_api/icons/v1/png_71/generic_business-71.png,ChargePoint Charging Station,,ChIJhTbH53Gej4ARX7lMr4pU7vU,0.0,ChIJhTbH53Gej4ARX7lMr4pU7vU,"['point_of_interest', 'establishment']",0,37.5623279,-122.3266622,37.56370302989272,-122.3252805201073,37.56100337010727,-122.3279801798927,True,"HM6F+W8 San Mateo, California, Estados Unidos",849VHM6F+W8
OPERATIONAL,"22880 Canfranc-Estación, Huesca",https://maps.gstatic.com/mapfiles/place_api/icons/v1/png_71/train-71.png,Canfranc,"[{'height': 720, 'html_attributions': ['<a href=""https://maps.google.com/maps/contrib/112506026396874686449"">Rau Ruiz</a>'], 'photo_reference': 'ATtYBwJjUXSzdWcb028BYJxisHQ1v-GZDG-AJ3Ra2DHQiuKCXnECUs7-1VhYBCTG8PM6ltwgCF_qHnKjqIZdFCknUrREwE86rAHod-hpIas9RcO4b28ERPG8wmwtPznslVWHz_Y3vboAE_SiLWLPxxNCFkbC_5-ISigjIECIZBaUXY-MZzu4', 'width': 1080}]",ChIJyQNHl5ubVw0RQwy3nL4Lc-E,4.5,ChIJyQNHl5ubVw0RQwy3nL4Lc-E,"['train_station', 'transit_station', 'point_of_interest', 'establishment']",393,42.751471,-0.514641,42.75280107989272,-0.5133437701072777,42.75010142010728,-0.5160434298927221,,QF2P+H4 Canfranc-Estación,8CJXQF2P+H4
OPERATIONAL,"44442, Teruel",https://maps.gstatic.com/mapfiles/place_api/icons/v1/png_71/train-71.png,Puerto Escandon,"[{'height': 2592, 'html_attributions': ['<a href=""https://maps.google.com/maps/contrib/110335996283618611056"">Jesus De la Ossa</a>'], 'photo_reference': 'ATtYBwIvPNgJzZu4uNYWSPUGAy_9KTqtsSueCs2-WgBFPjNAigmeOymnjKpOmt3WvLa865kooh3u4TGLHPO8o-KVN-QPD0zZAqJbrsG7SbmfKqBomChUpLvDGViOUjbrvfYQh3BChnyR30DTdP9oi6xismMPEe_Dm17H0eyyU0XQjEn9HLiC', 'width': 4608}]",ChIJFwjDxHwTXg0RGIZ-EdGauOs,2.2,ChIJFwjDxHwTXg0RGIZ-EdGauOs,"['train_station', 'transit_station', 'point_of_interest', 'establishment']",6,40.273092,-0.985079,40.27453817989272,-0.983644870107278,40.27183852010727,-0.9863445298927223,,72F7+6X Aldehuela,8CGX72F7+6X
OPERATIONAL,"220 Aragon Ave, Coral Gables, FL 33134, Estados Unidos",https://maps.gstatic.com/mapfiles/place_api/icons/v1/png_71/generic_business-71.png,ChargePoint Charging Station,,ChIJjXmw5Jm32YgRVkEtlqKr1cM,0.0,ChIJjXmw5Jm32YgRVkEtlqKr1cM,"['point_of_interest', 'establishment']",0,25.7502318,-80.2592708,25.75168322989272,-80.25796152010727,25.74898357010728,-80.26066117989272,True,"QP2R+37 Coral Gables, Florida, Estados Unidos",76QXQP2R+37
OPERATIONAL,"180 Aragon Ave, Coral Gables, FL 33134, Estados Unidos",https://maps.gstatic.com/mapfiles/place_api/icons/v1/png_71/generic_business-71.png,SemaConnect Charging Station,,ChIJw4Kn3Jm32YgR5NIr9XxooA4,4.0,ChIJw4Kn3Jm32YgR5NIr9XxooA4,"['point_of_interest', 'establishment']",1,25.7504192,-80.2582702,25.75183672989272,-80.25669047010727,25.74913707010728,-80.25939012989272,True,"QP2R+5M Coral Gables, Florida, Estados Unidos",76QXQP2R+5M
OPERATIONAL,"50400 Cariñena, Zaragoza",https://maps.gstatic.com/mapfiles/place_api/icons/v1/png_71/train-71.png,Cariñena,"[{'height': 2160, 'html_attributions': ['<a href=""https://maps.google.com/maps/contrib/102424500820194587580"">Mercedes Figueroa De Orieta</a>'], 'photo_reference': 'ATtYBwJRgpFkWuwNx0cYt_dgHB3AswApZHGbhgPRJ3TxgPDG5nqDNt2s2-q_5JwnLz6Bah87BVXff4UYZ9eyODdDDjYY97dhuy_kUDxyNXIe7O9qINhKmsIPuiuPcaAwklB5F1FaB6TnArQ770ODV0YNO-B3vHytEUKUcj_F6LT8tpcQcofj', 'width': 3840}]",ChIJO-zYmBX-Ww0RpPohV1GmD3s,3.8,ChIJO-zYmBX-Ww0RpPohV1GmD3s,"['train_station', 'transit_station', 'point_of_interest', 'establishment']",6,41.335586,-1.228422,41.33699382989273,-1.227015570107278,41.33429417010728,-1.229715229892722,,8QPC+6J Cariñena,8CHW8QPC+6J
OPERATIONAL,"Av. Navarra, 80, 50011 Zaragoza",https://maps.gstatic.com/mapfiles/place_api/icons/v1/png_71/train-71.png,Zaragoza-Delicias,"[{'height': 3024, 'html_attributions': ['<a href=""https://maps.google.com/maps/contrib/118045588799819111921"">Jorge</a>'], 'photo_reference': 'ATtYBwIG8XTNun_DehOTFtz-vGZtMfFoKPD5BI9ZZr7RWAsaN9i1NZoBZ8oL-3l-kqSAdBHkVEjMTddFk7ooWUuOOtpJeaR7TqWujOG9YeD2cYmw-Xghw5SLAq7TjxXIojRcRSIMuk2JTqYfs11LGBvNr0e53rKbVXnzjdhRU2BvXFB4BJtO', 'width': 4032}]",ChIJj94zvklrWQ0RqifJ3SegpSg,3.4,ChIJj94zvklrWQ0RqifJ3SegpSg,"['train_station', 'transit_station', 'point_of_interest', 'establishment']",715,41.65869379999999,-0.9112260000000001,41.6603781,-0.9092765701072778,41.65687170000002,-0.9119762298927221,,M35Q+FG Zaragoza,8CHXM35Q+FG
OPERATIONAL,"Av. Central - esq. Ignacio Allende mz. 21 lt. 1-19, Villas de Aragón Mexico MX, 55148 Ecatepec de Morelos, Méx., México",https://maps.gstatic.com/mapfiles/place_api/icons/v1/png_71/generic_business-71.png,Nissan Zero Emission Charging Station,,ChIJNUgyRmX60YUR0P9tQYPjlbM,0.0,ChIJNUgyRmX60YUR0P9tQYPjlbM,"['point_of_interest', 'establishment']",0,19.5184811,-99.06697319999999,19.51983762989272,-99.06565602010728,19.51713797010728,-99.06835567989273,,,
OPERATIONAL,"22800 Ayerbe, Huesca",https://maps.gstatic.com/mapfiles/place_api/icons/v1/png_71/train-71.png,Ayerbe,"[{'height': 3000, 'html_attributions': ['<a href=""https://maps.google.com/maps/contrib/107109188407229109627"">A Google User</a>'], 'photo_reference': 'ATtYBwIV6nZFtaqALoseICpd1LN3qSw2CSigSvDP2yGBDeOFSGGJv5deWHT9k1zZUDiGHmLRrC7FY9yZOIgv9R0IMadGGDMvl7BBMGocp2q86a_6kI9F1otPz0bnC7VOPaM4y2uqXbeJzw3S1N9UKMNeLNtXRHfYG4Mgf1iHnc-RxBXsH5Q', 'width': 4000}]",ChIJy75tz3jJWQ0R79HQymyH9vU,4.3,ChIJy75tz3jJWQ0R79HQymyH9vU,"['train_station', 'transit_station', 'point_of_interest', 'establishment']",4,42.27561,-0.682569,42.27700632989272,-0.6814064201072778,42.27430667010728,-0.6841060798927222,,78G8+6X Ayerbe,8CJX78G8+6X
OPERATIONAL,"Unnamed Road, Zaragoza",https://maps.gstatic.com/mapfiles/place_api/icons/v1/png_71/train-71.png,Zaragoza Plaza,,ChIJ-TnU-X9sWQ0RNhHjrTh4Xi4,5.0,ChIJ-TnU-X9sWQ0RNhHjrTh4Xi4,"['train_station', 'transit_station', 'point_of_interest', 'establishment']",1,41.6772633,-0.9442944,41.67889252989271,-0.9426462201072779,41.67619287010727,-0.9453458798927222,,M3G4+W7 Zaragoza,8CHXM3G4+W7
OPERATIONAL,"Calle Esquíroz, 31007 Pamplona, Navarra",https://maps.gstatic.com/mapfiles/place_api/icons/v1/png_71/generic_business-71.png,Iberdrola Estación de carga,,ChIJG8jnKlqSUA0RhSqPtgnOc5w,0.0,ChIJG8jnKlqSUA0RhSqPtgnOc5w,"['point_of_interest', 'establishment']",0,42.8079581,-1.6492792,42.80928777989272,-1.647866870107278,42.80658812010728,-1.650566529892722,True,R952+57 Pamplona,8CJWR952+57
OPERATIONAL,"A-2, Km 202, 50292 Cetina, Zaragoza",https://maps.gstatic.com/mapfiles/place_api/icons/v1/png_71/gas_station-71.png,Repsol,"[{'height': 1500, 'html_attributions': ['<a href=""https://maps.google.com/maps/contrib/108897433623430230950"">A Google User</a>'], 'photo_reference': 'ATtYBwIC-wQDJjLzNRf5KabADYyHelBsis5uswPKE0OQ5hLz6WGr8gCjAnOSFP1uFvkVI6CLZbq8Q37j--mFRDiHbChkCSmIWxTA1KBWk-wSkgraHvnt_Mtxe7Yh2p3m6ryLc3yHEFydKHbRLSRBRjAGOFnO-NgvrX2hAtTgf9L0_ppDqc7F', 'width': 2000}]",ChIJ1aOiE6t9Ww0RmXUn83Og-DU,3.5,ChIJ1aOiE6t9Ww0RmXUn83Og-DU,"['gas_station', 'point_of_interest', 'establishment']",224,41.3027424,-1.9457493,41.30403792989272,-1.944379520107278,41.30133827010727,-1.947079179892722,True,8333+3P Cetina,8CHW8333+3P
OPERATIONAL,"Calle Rioja, 33, 50011 Zaragoza",https://maps.gstatic.com/mapfiles/place_api/icons/v1/png_71/generic_business-71.png,Zaragoza-Delicias,"[{'height': 3024, 'html_attributions': ['<a href=""https://maps.google.com/maps/contrib/103429869293663383732"">Marie Laure Garcia Perez</a>'], 'photo_reference': 'ATtYBwJ0VABQ0EqOUDebyj09ixS_vdhIg-I54Jlu5d7Mp80Slv4rSioHoegFYT_7vvr0Boq2o5hVCemRZI2XOLjsOfLcagA6RXil9z57ggmhwo3WiwhVYEjB-TqOUT106ykjA4xRhFrZK1vNrMGl6Nx3GI7DHskrLeq6i7pdThERZZFroxg', 'width': 4032}]",ChIJPYnSeUprWQ0RuiNO5eRuBow,3.9,ChIJPYnSeUprWQ0RuiNO5eRuBow,"['point_of_interest', 'store', 'establishment']",1182,41.6578469,-0.9091052000000001,41.65919672989272,-0.9077553701072777,41.65649707010728,-0.910455029892722,True,M35R+49 Zaragoza,8CHXM35R+49
OPERATIONAL,"50700 Caspe, Zaragoza",https://maps.gstatic.com/mapfiles/place_api/icons/v1/png_71/train-71.png,Caspe,"[{'height': 1080, 'html_attributions': ['<a href=""https://maps.google.com/maps/contrib/117630908902256492464"">José Mora</a>'], 'photo_reference': 'ATtYBwKL-KmAxVFqdFkDQ1cageHHg4B2_bm-AdD9W1n7vYCKCV29MKOZGW8VhuImx15op8mX0xV4e-u1tK7gPL3L1ddp5OBs8vTroz-G-DYE1xRJ5FNNLZG1AL2WAV5PV1bOYM4LqMkC9brTOb5qelyPhGAbkOvwtYWmGcJz4oZzTdu_dhYV', 'width': 1920}]",ChIJ52USEVZUXw0REZqdwjRe4Po,2.8,ChIJ52USEVZUXw0REZqdwjRe4Po,"['train_station', 'transit_station', 'point_of_interest', 'establishment']",10,41.239738,-0.042701,41.24104542989272,-0.04135577010727778,41.23834577010728,-0.04405542989272221,,6XQ4+VW Caspe,8CHX6XQ4+VW
OPERATIONAL,"Ctra. Estación, 4, 44370 Cella, Teruel",https://maps.gstatic.com/mapfiles/place_api/icons/v1/png_71/generic_business-71.png,FINSA CELLA II,"[{'height': 3024, 'html_attributions': ['<a href=""https://maps.google.com/maps/contrib/100327129642238223486"">Pedro Fuertes</a>'], 'photo_reference': 'ATtYBwIuN5z8q2feYZ00RcDQSbwy5Hp9QNlu5hRjF6H9Y9nWUTH74lrb2U6VqpsjPvzre6Uw8GGtVk6rgC9capaEjkl8HA7UCs0nLQyQnpCBnJnkeNLpHq-WiFoIPGCEq0oL6vcfQ4DcAIr-RakaTFCWplccti149RkcBfrsQjvwn9x46doY', 'width': 4032}]",ChIJSZyqujHYXQ0RC04qjvdvcB8,4.3,ChIJSZyqujHYXQ0RC04qjvdvcB8,"['point_of_interest', 'establishment']",101,40.4534786,-1.2447381,40.45493047989272,-1.243070820107278,40.45223082010728,-1.245770479892722,False,FQ34+94 Cella,8CGWFQ34+94
OPERATIONAL,"50650, Zaragoza",https://maps.gstatic.com/mapfiles/place_api/icons/v1/png_71/train-71.png,Gallur,"[{'height': 2863, 'html_attributions': ['<a href=""https://maps.google.com/maps/contrib/101789669303448999428"">Javier Gómez</a>'], 'photo_reference': 'ATtYBwKAsYBkG1iS2dq8rr0hXtcjsuG2vubEUqyHpcu7D5RpanbJNZsjup9muL-hvywlZGibJc2UvKv4zZ2W9ZWXYT1Ivjt4XZvu_Bgr3692Lk8_y1BrSJqO9KH_AZFoL0tFXQiT2Tt65xIabBEQt8MvtYb5gNTACa01nVtk50LIqD4s9CpO', 'width': 5168}]",ChIJJVZN0K7TWw0R--C_FX9d0gc,3.9,ChIJJVZN0K7TWw0R--C_FX9d0gc,"['train_station', 'transit_station', 'point_of_interest', 'establishment']",7,41.867164,-1.321342,41.86857867989272,-1.319793470107278,41.86587902010728,-1.322493129892722,,VM8H+VF Gallur,8CHWVM8H+VF
OPERATIONAL,"50640 Luceni, Zaragoza",https://maps.gstatic.com/mapfiles/place_api/icons/v1/png_71/train-71.png,Luceni,"[{'height': 1728, 'html_attributions': ['<a href=""https://maps.google.com/maps/contrib/103271067184845717796"">Nuri García</a>'], 'photo_reference': 'ATtYBwLDFVcbCoixsiOaE7gR4Nn5zXua9IpyEcGI_A_xbTdlENxlW9AYPlsRG2AFFZStFvkWRLlSPqYj8cfRw5aEgnCMpNgxVzenBgcfiUrLk13qnKTLBG06CMUWen6ZkecTSSh5cqkjKeMtJGjm88XMs12PjTawvizeSfBwYgKpiusLCGhS', 'width': 1106}]",ChIJrYMbqnvWWw0RxtzzqVSaxIA,3.6,ChIJrYMbqnvWWw0RxtzzqVSaxIA,"['train_station', 'transit_station', 'point_of_interest', 'establishment']",5,41.826116,-1.243536,41.82746232989272,-1.242190670107278,41.82476267010728,-1.244890329892722,,RQG4+CH Luceni,8CHWRQG4+CH
OPERATIONAL,"Cr N-330, 491,9 I, 50019 Zaragoza",https://maps.gstatic.com/mapfiles/place_api/icons/v1/png_71/gas_station-71.png,Estación de Servicio Repsol,"[{'height': 608, 'html_attributions': ['<a href=""https://maps.google.com/maps/contrib/104450111716636602438"">A Google User</a>'], 'photo_reference': 'ATtYBwKso9zRLW-3_krq22tU4cFi4sVXhFod8JpD74OTk_aA456JP5O5wL8ub5Y0PtEaheF0jNmd5bACRfkMKyRtssb8rLfuTsVfEriNzGIsG3lvkzuSOvPH4ciuo0q1WEWK9CoBx3TDTgSCOCXqymQRt882N3uHveaqz3BvL1EmH3Y-W34m', 'width': 1080}]",ChIJl7XtnshqWQ0R2rqSF-zMka4,3.9,ChIJl7XtnshqWQ0R2rqSF-zMka4,"['gas_station', 'car_wash', 'point_of_interest', 'establishment']",54,41.6210922,-0.9150136000000001,41.62244462989272,-0.9136672201072777,41.61974497010728,-0.916366879892722,True,J3CM+CX Zaragoza,8CHXJ3CM+CX
OPERATIONAL,"43783, Tarragona",https://maps.gstatic.com/mapfiles/place_api/icons/v1/png_71/train-71.png,Fayón-La Pobla de Massaluca,"[{'height': 2448, 'html_attributions': ['<a href=""https://maps.google.com/maps/contrib/111935806867811871726"">Jordi Sebastià Ferrer</a>'], 'photo_reference': 'ATtYBwIiQJuL5FHYXCEpMQHyef80EM21jwKsxfpmNqDhYIPamuxHzUDrMTKAWfwVhJcSoNpj1g7Vhy7ldkf16fyLVss_PW2-AkackbCeJZOMLbauacX7MBdPm415v4AZrS1UDgPoGuD3Cr_wVPv3_MIAEXqEbMD1T5ScLLHOPC_ouXwbjoFb', 'width': 3264}]",ChIJqyfe5rvLoBIRVBAaSRNA2n8,2.7,ChIJqyfe5rvLoBIRVBAaSRNA2n8,"['train_station', 'transit_station', 'point_of_interest', 'establishment']",6,41.2250312,0.3511119,41.22641312989272,0.3524762298927223,41.22371347010728,0.3497765701072778,,69G2+2C Puebla de Masaluca,8FH269G2+2C
OPERATIONAL,46010 Valencia,https://maps.gstatic.com/mapfiles/place_api/icons/v1/png_71/generic_business-71.png,Aragón,"[{'height': 3024, 'html_attributions': ['<a href=""https://maps.google.com/maps/contrib/110726663354115003400"">Carlos Bonilla Rosillo</a>'], 'photo_reference': 'ATtYBwIjhxDwDd6Grp7AOZJf40amBoOu0pdmVTUotagEYfbrLhUq4t9iHz-w_8IVn4RfJFdf6qM-lKu-fUT0r6c1giTPi57xGxr91fuOYBkds1bl51Z51BA8M0lvdH5AeyRbNJAR4u5kSXF8bsdelPCfaBfB8M2OSFm5bdPhIeQjmCccDhAg', 'width': 4032}]",ChIJl8EJrL1IYA0RdTp5Gu7-GdM,4.3,ChIJl8EJrL1IYA0RdTp5Gu7-GdM,"['subway_station', 'transit_station', 'point_of_interest', 'establishment']",42,39.4725531,-0.3579419,39.4742656,-0.3555212999999999,39.47142760000001,-0.3634829,,FJFR+2R Valencia,8CFXFJFR+2R
OPERATIONAL,"Av. Isla de Murano, S.N, 50021 Zaragoza",https://maps.gstatic.com/mapfiles/place_api/icons/v1/png_71/gas_station-71.png,Estación de Servicio Repsol,"[{'height': 608, 'html_attributions': ['<a href=""https://maps.google.com/maps/contrib/114337523784574759824"">A Google User</a>'], 'photo_reference': 'ATtYBwIFDzsGUWZJdaqtwc0J27xjMyjosk3zleKt4iKrWkyrLTfE0BuVIFvySmVBlKcf4H5_NwMbDpJyQzXm88hXwkbBAudsGPUZQ5kO4o5T_HGLOt3FcnTCmhCp8fqlzlqennYvAx7rCc1jJBsTMGWYC-Vw7BYEQDC19Z4PpH0eBES1gV8_', 'width': 1080}]",ChIJ8dqR0mgVWQ0RkG_CbUNcTC4,4.0,ChIJ8dqR0mgVWQ0RkG_CbUNcTC4,"['gas_station', 'car_wash', 'point_of_interest', 'establishment']",386,41.6097869,-0.8819564999999999,41.61124812989272,-0.8806076201072778,41.60854847010727,-0.8833072798927222,True,J459+W6 Zaragoza,8CHXJ459+W6
OPERATIONAL,"Av. de la Ilustración, 1, 50012 Zaragoza",https://maps.gstatic.com/mapfiles/place_api/icons/v1/png_71/gas_station-71.png,Estación de Servicio Repsol,"[{'height': 608, 'html_attributions': ['<a href=""https://maps.google.com/maps/contrib/112888044509276492379"">A Google User</a>'], 'photo_reference': 'ATtYBwISLAGVd63R7L3hNEXLrYS8TupJPdbY9U2Kr3UECl4EFaYgVxmMckLnGBMyHLFmziFMwmdHK7wpXx30tIbQa7PUoEVbXAKo299KHgNbCaVVr2SMz-weKJ-szY5K1_lSb0BZdgdXHeKslVu_YoEXs8KmCEXO8al0CAHYIs_Ck7dRmTX9', 'width': 1080}]",ChIJGSW02cJqWQ0RO5Cg_duAJ7k,4.2,ChIJGSW02cJqWQ0RO5Cg_duAJ7k,"['gas_station', 'car_wash', 'point_of_interest', 'establishment']",180,41.62685949999999,-0.9227649,41.62837262989272,-0.9215732201072778,41.62567297010727,-0.9242728798927221,True,J3GG+PV Zaragoza,8CHXJ3GG+PV
OPERATIONAL,"Autovía de Logroño. p.k.0.300, 50011 Zaragoza",https://maps.gstatic.com/mapfiles/place_api/icons/v1/png_71/gas_station-71.png,"OFICINAS CENTRALES ZOILO RIOS, S.A.","[{'height': 675, 'html_attributions': ['<a href=""https://maps.google.com/maps/contrib/113930952484953469005"">A Google User</a>'], 'photo_reference': 'ATtYBwKNUqAYoJZ0tOtEjgTVp-NjhZhLx6XUe812B4RobiJEILyat6Z1FAZGjpJ7lr7TZ7JKwC2HuMooasq_EwSlLrDgO8g0aqLGbD_4hrbqgHyz___R7_y_7zq2fX-1F_rVMG11HbvKce34WOuO7bas2L6pQ2JKVPq-YNxwSroBEk9pPbOG', 'width': 1200}]",ChIJRf2N7IxrWQ0RXTEjejqAjCE,4.0,ChIJRf2N7IxrWQ0RXTEjejqAjCE,"['gas_station', 'point_of_interest', 'establishment']",11,41.6604906,-0.9255567999999998,41.66184622989271,-0.9242011201072778,41.65914657010727,-0.9269007798927221,False,M36F+5Q Zaragoza,8CHXM36F+5Q
