business_status,formatted_address,icon,name,place_id,rating,reference,types,user_ratings_total,geometry.location.lat,geometry.location.lng,geometry.viewport.northeast.lat,geometry.viewport.northeast.lng,geometry.viewport.southwest.lat,geometry.viewport.southwest.lng,opening_hours.open_now,plus_code.compound_code,plus_code.global_code,photos,permanently_closed
OPERATIONAL,"Prudencio Maria Verastegui Kalea, 1, 01002 Gasteiz, Araba",https://maps.gstatic.com/mapfiles/place_api/icons/v1/png_71/generic_business-71.png,IBIL Estación de carga,ChIJISEpWmbCTw0RQkTqQLSSugQ,0.0,ChIJISEpWmbCTw0RQkTqQLSSugQ,"['point_of_interest', 'establishment']",0,42.84913479999999,-2.6664082,42.85048147989272,-2.665057970107277,42.84778182010727,-2.667757629892722,True,R8XM+MC Vitoria-Gasteiz,8CJVR8XM+MC,,
OPERATIONAL,"48903 Baracaldo, Vizcaya",https://maps.gstatic.com/mapfiles/place_api/icons/v1/png_71/generic_business-71.png,IBIL Estación de carga,ChIJjWAoM59QTg0RMRxeKTEbNI8,0.0,ChIJjWAoM59QTg0RMRxeKTEbNI8,"['point_of_interest', 'establishment']",0,43.2855362,-2.9957148,43.28694777989272,-2.994481370107278,43.28424812010728,-2.997181029892723,True,72P3+6P Baracaldo,8CMV72P3+6P,"[{'height': 1420, 'html_attributions': ['<a href=""https://maps.google.com/maps/contrib/112791032995822959496"">A Google User</a>'], 'photo_reference': 'ATtYBwLdBS2LPHk-7KnaEMhFfy8EU8We1powbpP6kQyV8bjKqCuMO7wliYWXTrM920G6_TnYaSWKUq9nD88msnRKS042YnUo7nn5quMVhcS2dUH-wSpC_X2qK_zklKYqyuzhczfY3jG5uvjP7BVXOnRe87mhJQV-K8tZTfWTXu8dpUO1Dawv', 'width': 2200}]",
OPERATIONAL,"Zankoeta Kalea, 3A, 48013 Bilbo, Bizkaia",https://maps.gstatic.com/mapfiles/place_api/icons/v1/png_71/generic_business-71.png,Estación de carga vehículos,ChIJY15MxDxRTg0RJPqfRgu9EZg,0.0,ChIJY15MxDxRTg0RJPqfRgu9EZg,"['point_of_interest', 'establishment']",0,43.2587222,-2.9477397,43.25994707989273,-2.946423270107278,43.25724742010728,-2.949122929892722,,7352+FW Bilbao,8CMV7352+FW,"[{'height': 4032, 'html_attributions': ['<a href=""https://maps.google.com/maps/contrib/101901546236960159306"">ruben fernandez</a>'], 'photo_reference': 'ATtYBwLSlTjGKbOAtSwf-RiAB5Jyq0Xl2c9YjLpkngWQgnuqZimxo8X70t6SlDZrC15JFKW8MfQ6hDDHLU8_-8tjvZ3MdLQT2n0w52ikKY79ACnDHSqpnm8klkcnrHpOqudLToKzsEiJ1PHBPzhBnSaKIQvKJMfSZE51WsdDlRkpg3hmTp_Y', 'width': 2268}]",
OPERATIONAL,"Erribera Etorbidea, 48902 Barakaldo, Bizkaia",https://maps.gstatic.com/mapfiles/place_api/icons/v1/png_71/generic_business-71.png,IBIL Gestor de Carga de VE S.A. Charging Station,ChIJuY6AjQhaTg0R7SJkCo-bX6w,5.0,ChIJuY6AjQhaTg0R7SJkCo-bX6w,"['point_of_interest', 'establishment']",1,43.2930909,-3.006481,43.29442462989272,-3.004873870107278,43.29172497010727,-3.007573529892722,,7XVV+6C Baracaldo,8CMR7XVV+6C,,
OPERATIONAL,"09200 Miranda de Ebro, Burgos",https://maps.gstatic.com/mapfiles/place_api/icons/v1/png_71/generic_business-71.png,EasyCharger Estación de carga,ChIJ2Qnv2V2bTw0Ravs3m1BNf6c,0.0,ChIJ2Qnv2V2bTw0Ravs3m1BNf6c,"['point_of_interest', 'establishment']",0,42.6885487,-2.9533968,42.68986852989272,-2.952019570107277,42.68716887010728,-2.954719229892722,True,M2QW+CJ Miranda de Ebro,8CJVM2QW+CJ,,
OPERATIONAL,"20212 Olaberría, Gipuzkoa",https://maps.gstatic.com/mapfiles/place_api/icons/v1/png_71/generic_business-71.png,Estación de carga de vehículos eléctricos,ChIJcyZ1qSI3UA0RqL5ogP939nQ,0.0,ChIJcyZ1qSI3UA0RqL5ogP939nQ,"['point_of_interest', 'establishment']",0,43.0278537,-2.2041555,43.02919672989272,-2.202770670107277,43.02649707010728,-2.205470329892722,,2QHW+48 Olaberría,8CMV2QHW+48,,
OPERATIONAL,"Urartea Kalea, 23, 01010 Gasteiz, Araba",https://maps.gstatic.com/mapfiles/place_api/icons/v1/png_71/generic_business-71.png,Iberdrola Clientes Charging Station,ChIJn_6FxZvBTw0RnRQ8BPX3S9s,0.0,ChIJn_6FxZvBTw0RnRQ8BPX3S9s,"['point_of_interest', 'establishment']",0,42.8640563,-2.7124726,42.86538567989273,-2.711173020107278,42.86268602010728,-2.713872679892722,True,V77Q+J2 Vitoria-Gasteiz,8CJVV77Q+J2,"[{'height': 1018, 'html_attributions': ['<a href=""https://maps.google.com/maps/contrib/102456824608065103317"">María Fernando</a>'], 'photo_reference': 'ATtYBwIjXoTLIDAepp72qu9H0eG0UzHcd2MvAWsub7gSpvtG3AlxDcuCe-BCs3LtqlTxf7xO4Ifb-Pza23WWMpBJPgRjs6OhJ2CebuwFaL6sEKNOUGN5mh0a2EPbalz1yyxLW3tdgSbCXmQ6yooslCAmtKZfjSq2fflKCKzkjWCfFI_a7F21', 'width': 2934}]",
OPERATIONAL,"Begoñako Andra Maria Kalea, 45, 48006 Bilbo, Bizkaia",https://maps.gstatic.com/mapfiles/place_api/icons/v1/png_71/generic_business-71.png,IBIL Charging Station,ChIJJcYCm7ZPTg0RLHZHTBrfqlI,0.0,ChIJJcYCm7ZPTg0RLHZHTBrfqlI,"['point_of_interest', 'establishment']",0,43.259088,-2.9143276,43.26043047989272,-2.912939370107278,43.25773082010728,-2.915639029892723,True,735P+J7 Bilbao,8CMV735P+J7,,
OPERATIONAL,"Barrena Kalea, 19, 20600 Eibar, Gipuzkoa",https://maps.gstatic.com/mapfiles/place_api/icons/v1/png_71/generic_business-71.png,Iberdrola Clientes Charging Station,ChIJSWDgyYPVUQ0RoVh_z8LTne0,0.0,ChIJSWDgyYPVUQ0RoVh_z8LTne0,"['point_of_interest', 'establishment']",0,43.19000399999999,-2.454243,43.19134892989272,-2.452936420107278,43.18864927010728,-2.455636079892722,True,5GRW+28 Éibar,8CMV5GRW+28,"[{'height': 800, 'html_attributions': ['<a href=""https://maps.google.com/maps/contrib/109185068800590779382"">Javi Mendez</a>'], 'photo_reference': 'ATtYBwJUUeug_N7KmJGDJwo0iW941WrvHx-31mWxcJBe14LhL_3CpMMrLhtCN_t3laSSKxnRorP_ZnCbptZfG_2QFEhErjQmNd3tnhXB1I3cmvU3gHAKWrrNqx_pncS2rf701Ypp5MhFt_7mY7Tv3BHyjaGvai358_o0VhLpr06EnVv2GYFM', 'width': 554}]",
OPERATIONAL,"Elcano Kalea, 9, 48008 Bilbo, Bizkaia",https://maps.gstatic.com/mapfiles/place_api/icons/v1/png_71/generic_business-71.png,Iberdrola Clientes Charging Station,ChIJN8EKcNdPTg0RvyG-elhxP4c,0.0,ChIJN8EKcNdPTg0RvyG-elhxP4c,"['point_of_interest', 'establishment']",0,43.26235399999999,-2.934526,43.26369822989273,-2.933193270107278,43.26099857010728,-2.935892929892722,True,7368+W5 Bilbao,8CMV7368+W5,,
OPERATIONAL,"Ventorro Kalea, 3, 01207, Araba",https://maps.gstatic.com/mapfiles/place_api/icons/v1/png_71/generic_business-71.png,ENDESA Charging Station,ChIJkTZU5cEiUA0RIVtTIc_896E,0.0,ChIJkTZU5cEiUA0RIVtTIc_896E,"['point_of_interest', 'establishment']",0,42.8640649,-2.321557,42.86552922989271,-2.320238020107277,42.86282957010727,-2.322937679892722,True,VM7H+J9 San Román de San Millán,8CJVVM7H+J9,,
OPERATIONAL,"20004 San Sebastián, Gipuzkoa",https://maps.gstatic.com/mapfiles/place_api/icons/v1/png_71/generic_business-71.png,Estación de carga de vehículos eléctricos,ChIJXSTqOlKlUQ0RIwgTLC5sXSY,0.0,ChIJXSTqOlKlUQ0RIwgTLC5sXSY,"['point_of_interest', 'establishment']",0,43.3202505,-1.9839599,43.32158632989272,-1.982648770107277,43.31888667010728,-1.985348429892722,,82C8+4C San Sebastián,8CMW82C8+4C,,
OPERATIONAL,"20001 San Sebastián, Gipuzkoa",https://maps.gstatic.com/mapfiles/place_api/icons/v1/png_71/generic_business-71.png,Estación de carga de vehículos eléctricos,ChIJew80EEOlUQ0RRCpImTMYXeA,0.0,ChIJew80EEOlUQ0RRCpImTMYXeA,"['point_of_interest', 'establishment']",0,43.3239353,-1.9717761,43.32529627989272,-1.970405520107277,43.32259662010728,-1.973105179892722,,82FH+H7 San Sebastián,8CMW82FH+H7,,
OPERATIONAL,"Marqués de Arriluce e Ibarra Kalea, 3006, 48992 Getxo, Bizkaia",https://maps.gstatic.com/mapfiles/place_api/icons/v1/png_71/generic_business-71.png,Iberdrola Estación de carga,ChIJN23KSN9bTg0R3Fi_fslsDh8,0.0,ChIJN23KSN9bTg0R3Fi_fslsDh8,"['point_of_interest', 'establishment']",0,43.3403161,-3.0162236,43.34168627989272,-3.014850770107278,43.33898662010728,-3.017550429892722,True,8XRM+4G Guecho,8CMR8XRM+4G,"[{'height': 2268, 'html_attributions': ['<a href=""https://maps.google.com/maps/contrib/101901546236960159306"">ruben fernandez</a>'], 'photo_reference': 'ATtYBwIVbJB7fj4Nvxl3AaY-GlfXIVg03z-yfFOEywMCKWAsS1mzFHnalNMurc_lJIRMOfhfLMQlJfJqcDm87Hqowy7fSLcRN2NKAoTIQeAoBgy8C6vOYAJcdDLSjgsdscrUDtQMDGQcA258c03P4ZZpsBIz6tiUt9VoXByStohE1Iu5fzzx', 'width': 4032}]",
OPERATIONAL,"Tartanga Kalea, 28, 48950 Altzaga, Bizkaia",https://maps.gstatic.com/mapfiles/place_api/icons/v1/png_71/generic_business-71.png,Estación Carga Vehículos Eléctricos,ChIJg-_qtmNbTg0RWDPJ1vXSKhg,0.0,ChIJg-_qtmNbTg0RWDPJ1vXSKhg,"['point_of_interest', 'establishment']",0,43.306994,-2.9736385,43.30835202989272,-2.972343170107278,43.30565237010727,-2.975042829892723,True,824G+QG Altzaga,8CMV824G+QG,,
OPERATIONAL,"Begiristain Doktorea Pasealekua, 75, 20014 Donostia, Gipuzkoa",https://maps.gstatic.com/mapfiles/place_api/icons/v1/png_71/generic_business-71.png,Iberdrola Clientes Charging Station,ChIJgZ0nipSvUQ0RYtmj3V88usY,0.0,ChIJgZ0nipSvUQ0RYtmj3V88usY,"['point_of_interest', 'establishment']",0,43.297227,-1.966242,43.29865532989272,-1.965115770107277,43.29595567010728,-1.967815429892722,True,72WM+VG San Sebastián,8CMW72WM+VG,,
OPERATIONAL,"Portal de Elorriaga Kalea, 17, 01003 Gasteiz, Araba",https://maps.gstatic.com/mapfiles/place_api/icons/v1/png_71/generic_business-71.png,IBIL Charging Station,ChIJf8djjo3CTw0Rdle8IDG7Vxc,5.0,ChIJf8djjo3CTw0Rdle8IDG7Vxc,"['point_of_interest', 'establishment']",1,42.8494606,-2.6485874,42.85080242989272,-2.647184920107278,42.84810277010727,-2.649884579892722,True,R9X2+QH Vitoria-Gasteiz,8CJVR9X2+QH,,
OPERATIONAL,"Arraiz Bidea, 116, 48002 Bilbo, Bizkaia",https://maps.gstatic.com/mapfiles/place_api/icons/v1/png_71/generic_business-71.png,Wenea Estación de carga,ChIJc_PKfQNRTg0RdujcywX146Q,0.0,ChIJc_PKfQNRTg0RdujcywX146Q,"['point_of_interest', 'establishment']",0,43.2415141,-2.9604141,43.24287872989272,-2.959030620107278,43.24017907010727,-2.961730279892723,,62RQ+JR Bilbao,8CMV62RQ+JR,,
OPERATIONAL,"Minasoroeta Kalea, 4, 20280 Hondarribia, Gipuzkoa",https://maps.gstatic.com/mapfiles/place_api/icons/v1/png_71/generic_business-71.png,IBIL Charging Station,ChIJi58ANKgJUQ0Ru1Od7sTNgNM,0.0,ChIJi58ANKgJUQ0Ru1Od7sTNgNM,"['point_of_interest', 'establishment']",0,43.361584,-1.793754,43.36290362989272,-1.792418020107278,43.36020397010728,-1.795117679892722,True,9664+JF Hondarribia,8CMW9664+JF,,
OPERATIONAL,"Lugar Arranomendia, 922, 20240, SS",https://maps.gstatic.com/mapfiles/place_api/icons/v1/png_71/generic_business-71.png,Charge and Parking Estación de carga,ChIJvSnED_g2UA0Rw8UhkOaI398,0.0,ChIJvSnED_g2UA0Rw8UhkOaI398,"['point_of_interest', 'establishment']",0,43.0465532,-2.1848857,43.04783687989272,-2.183509770107278,43.04513722010728,-2.186209429892723,,2RW8+J2 Lazcano,8CMV2RW8+J2,,
CLOSED_TEMPORARILY,"Av. la Constitución, 2A, 39700 Castro Urdiales, Cantabria",https://maps.gstatic.com/mapfiles/place_api/icons/v1/png_71/generic_business-71.png,Endesa Estación de carga,ChIJ_4Q1N7XzTg0R8JG05wWhsxI,1.0,ChIJ_4Q1N7XzTg0R8JG05wWhsxI,"['point_of_interest', 'establishment']",1,43.3823099,-3.2176,43.38379462989272,-3.216454020107278,43.38109497010727,-3.219153679892723,,9QJJ+WX Castro Urdiales,8CMR9QJJ+WX,,True
OPERATIONAL,"Gipuzkoa Etorb., 11 Musakola Auzoa Auzoa, 20500 Arrasate, Gipuzkoa",https://maps.gstatic.com/mapfiles/place_api/icons/v1/png_71/generic_business-71.png,IBIL Charging Station,ChIJrQX8XuLVTw0R2DmunVBW1v4,0.0,ChIJrQX8XuLVTw0R2DmunVBW1v4,"['point_of_interest', 'establishment']",0,43.071915,-2.472951,43.07324352989272,-2.471573570107278,43.07054387010728,-2.474273229892722,True,3GCG+QR Mondragón,8CMV3GCG+QR,,
OPERATIONAL,"Leizaola Lehendakariaren Kalea, 5, 48011 Bilbo, Bizkaia",https://maps.gstatic.com/mapfiles/place_api/icons/v1/png_71/generic_business-71.png,Estación Carga Vehículos,ChIJJ7Q-46ZRTg0RAZlGHH5X-WI,5.0,ChIJJ7Q-46ZRTg0RAZlGHH5X-WI,"['point_of_interest', 'establishment']",1,43.2671375,-2.9395814,43.26851097989272,-2.938222170107277,43.26581132010728,-2.940921829892722,,7386+V5 Bilbao,8CMV7386+V5,"[{'height': 1080, 'html_attributions': ['<a href=""https://maps.google.com/maps/contrib/101901546236960159306"">ruben fernandez</a>'], 'photo_reference': 'ATtYBwJZrc_GgXJnU6WNSxd3we8aWQsq7t8nbEJWvLIx5Sv3hAfy2VYeF_mnSg6WPtwqnuukPPQVOQOvhb290KZ_08z54an1SZ0tDIrgJfbi-A0f4MrliJbYuG40WwtvtQnOHiuD5dDlnBtaNMu9dudiaClHtP5L3ZGY5SL1ZbxJDNUFmIgA', 'width': 1920}]",
OPERATIONAL,"Azkue Kalea, 1, 48902 Barakaldo, Bizkaia",https://maps.gstatic.com/mapfiles/place_api/icons/v1/png_71/generic_business-71.png,IBIL Charging Station,ChIJm8ytYZ1QTg0RGhsvTD2cgr0,0.0,ChIJm8ytYZ1QTg0RGhsvTD2cgr0,"['point_of_interest', 'establishment']",0,43.290412,-2.988979,43.2929566,-2.9875076,43.2827782,-2.993393199999999,True,72R6+5C Baracaldo,8CMV72R6+5C,,
OPERATIONAL,"Abandoibarra Etorb., 4, 48001 Bilbo, Bizkaia",https://maps.gstatic.com/mapfiles/place_api/icons/v1/png_71/generic_business-71.png,Iberdrola Clientes Charging Station,ChIJOSxbZCRQTg0R-DNXp4nMLrk,0.0,ChIJOSxbZCRQTg0R-DNXp4nMLrk,"['point_of_interest', 'establishment']",0,43.266743,-2.94465,43.26787032989273,-2.943398970107278,43.26517067010729,-2.946098629892723,True,7384+M4 Bilbao,8CMV7384+M4,,
OPERATIONAL,"Etxaniz Suhiltzailearen Plaza, 48010 Bilbo, Bizkaia",https://maps.gstatic.com/mapfiles/place_api/icons/v1/png_71/generic_business-71.png,Electrolinera. Estacion de carga eléctrica coche,ChIJnzSQRJpRTg0RlmAkjLr4--c,1.0,ChIJnzSQRJpRTg0RlmAkjLr4--c,"['point_of_interest', 'establishment']",1,43.25862070000001,-2.940371,43.25996267989272,-2.938979320107278,43.25726302010728,-2.941678979892723,,7355+CV Bilbao,8CMV7355+CV,"[{'height': 5376, 'html_attributions': ['<a href=""https://maps.google.com/maps/contrib/103398732677516176964"">JoxeJ R</a>'], 'photo_reference': 'ATtYBwI3Ij6xzOtMJEkrVHQ_qyqWj7cdpCsFtcMb39cdWoXaqt9h8WXdCLfe2Qb1nrHBThXvHSwqKtk6iU9XYMGhDEDiLPWLHaHD2njA_-0q5_DJwecesK_67g13KImVJnwSc4zVjTHnxi85qcBd7RinMJ59pBePyFRsr_NlOeYO38ZQqpEM', 'width': 3024}]",
OPERATIONAL,"Iturriondo Kalea, 8, 48940 Leioa, Bizkaia",https://maps.gstatic.com/mapfiles/place_api/icons/v1/png_71/generic_business-71.png,Estación de carga eléctrica coches y motos,ChIJR5KVxUVaTg0Rf4ZB-DxsmMk,5.0,ChIJR5KVxUVaTg0Rf4ZB-DxsmMk,"['point_of_interest', 'establishment']",1,43.3176862,-2.9917118,43.31916182989272,-2.990213420107278,43.31646217010727,-2.992913079892722,True,8295+38 Lejona,8CMV8295+38,"[{'height': 960, 'html_attributions': ['<a href=""https://maps.google.com/maps/contrib/107050221239390707588"">Jagoba Goikoetxea</a>'], 'photo_reference': 'ATtYBwLsBFsowtnIWJngYPOtig0kcVW-ID1Ox7WzWqHr5f61n2qzynMTE0AJ-fqjvDMx2ur7wGcqis80Pk84NWSiFvW0snTCYRhX8Aaqtr6tTUCI4fqrYVNzTdRF9mWLNbeyad6vGN3V3QZkYM4qzEDk_kceWED_zSZJxJmqLmRewDX89mkR', 'width': 1280}]",
OPERATIONAL,"Arriquíbar Plaza, 4, 48010 Bilbo, Bizkaia",https://maps.gstatic.com/mapfiles/place_api/icons/v1/png_71/generic_business-71.png,IBIL Charging Station,ChIJPzkaJdZPTg0RcZUk9PvWn68,0.0,ChIJPzkaJdZPTg0RcZUk9PvWn68,"['point_of_interest', 'establishment']",0,43.25976,-2.937051,43.26132907989273,-2.935600770107277,43.25862942010728,-2.938300429892722,True,7357+W5 Bilbao,8CMV7357+W5,,
OPERATIONAL,"Araba Kalea, 43b, 20800 Zarautz, Gipuzkoa",https://maps.gstatic.com/mapfiles/place_api/icons/v1/png_71/generic_business-71.png,IBIL Charging Station,ChIJ-ZUcbTjIUQ0RrKXB0x8ON4M,0.0,ChIJ-ZUcbTjIUQ0RrKXB0x8ON4M,"['point_of_interest', 'establishment']",0,43.281403,-2.16392,43.28275547989271,-2.162554520107278,43.28005582010727,-2.165254179892723,True,7RJP+HC Zarauz,8CMV7RJP+HC,,
OPERATIONAL,"5BIS, Maria Diaz de Haro Kalea, 48920 Portugalete",https://maps.gstatic.com/mapfiles/place_api/icons/v1/png_71/generic_business-71.png,IBIL Charging Station,ChIJU0GLP4dZTg0RM0zke8DkeQA,0.0,ChIJU0GLP4dZTg0RM0zke8DkeQA,"['point_of_interest', 'establishment']",0,43.32241,-3.018838,43.32385217989272,-3.017589470107278,43.32115252010728,-3.020289129892722,True,8XCJ+XF Portugalete,8CMR8XCJ+XF,,
OPERATIONAL,"Albert Einstein Kalea, 25, 01510 Gasteiz, Araba",https://maps.gstatic.com/mapfiles/place_api/icons/v1/png_71/generic_business-71.png,IBIL Charging Station,ChIJJ-32enjETw0RLcWUpvFDBMM,0.0,ChIJJ-32enjETw0RLcWUpvFDBMM,"['point_of_interest', 'establishment']",0,42.9112354,-2.6666336,42.91255657989272,-2.665269070107278,42.90985692010728,-2.667968729892723,True,W86M+F8 Vitoria-Gasteiz,8CJVW86M+F8,,
OPERATIONAL,"Begoñako Andra Maria Kalea, 47, 48006 Bilbo, Bizkaia",https://maps.gstatic.com/mapfiles/place_api/icons/v1/png_71/generic_business-71.png,Estación de carga eléctrica coches y motos,ChIJM1rxmrZPTg0RRbTTyceIPk0,0.0,ChIJM1rxmrZPTg0RRbTTyceIPk0,"['point_of_interest', 'establishment']",0,43.2595901,-2.9143576,43.26093277989271,-2.912891820107277,43.25823312010727,-2.915591479892722,True,735P+R7 Bilbao,8CMV735P+R7,,
OPERATIONAL,"Otaola Hiribidea, 5, 20600 Eibar, Gipuzkoa",https://maps.gstatic.com/mapfiles/place_api/icons/v1/png_71/generic_business-71.png,IBIL Charging Station,ChIJPydqt_QqTg0RP3k7T61fYQI,0.0,ChIJPydqt_QqTg0RP3k7T61fYQI,"['point_of_interest', 'establishment']",0,43.18279,-2.480759,43.18382442989272,-2.479442870107277,43.18112477010728,-2.482142529892722,True,5GM9+4M Éibar,8CMV5GM9+4M,,
OPERATIONAL,"26330, La Rioja",https://maps.gstatic.com/mapfiles/place_api/icons/v1/png_71/generic_business-71.png,Fenie Energía Estación de carga,ChIJjbDD_OKLTw0RKNC6TOMHxaU,5.0,ChIJjbDD_OKLTw0RKNC6TOMHxaU,"['point_of_interest', 'establishment']",1,42.53985000000001,-2.7785177,42.54121447989273,-2.777196270107278,42.53851482010729,-2.779895929892722,,G6QC+WH Briones,8CJVG6QC+WH,"[{'height': 1536, 'html_attributions': ['<a href=""https://maps.google.com/maps/contrib/112909164914339873067"">Jordi CiS</a>'], 'photo_reference': 'ATtYBwK2GsitOxpWP3ZUjd9JZNmNjOMvNuVMhGDSyEXOLCF8KhZku7DZFn05Rm6JEgmVf2ynLsx1VGLiK9PzwdsOUQRMqPrObiG3A8ZPnjqpwYkGk1IImwfmGMYAXTfrjOv_mnjaFaNIUn0HeCcd3hZk_2Wj9x12r-CQwu9Fu7DVzPk6qM2Q', 'width': 2048}]",
OPERATIONAL,"48004 Bilbao, Vizcaya",https://maps.gstatic.com/mapfiles/place_api/icons/v1/png_71/generic_business-71.png,IBIL Charging Station,ChIJc2jVnVFOTg0RoTbzB063HyE,0.0,ChIJc2jVnVFOTg0RoTbzB063HyE,"['point_of_interest', 'establishment']",0,43.2483099,-2.905264,43.24966812989272,-2.903916970107278,43.24696847010728,-2.906616629892722,True,63XV+8V Bilbao,8CMV63XV+8V,,
OPERATIONAL,"Goiru Kalea, 1b, 20500 Arrasate, Gipuzkoa",https://maps.gstatic.com/mapfiles/place_api/icons/v1/png_71/generic_business-71.png,IBIL Charging Station,ChIJh5y2e4bWTw0RGF9WNiz_veY,0.0,ChIJh5y2e4bWTw0RGF9WNiz_veY,"['point_of_interest', 'establishment']",0,43.062134,-2.504542,43.06374747989272,-2.503237070107278,43.06104782010728,-2.505936729892723,True,3F6W+V5 Arrasate,8CMV3F6W+V5,,
OPERATIONAL,"N-634, 2, 48220 Abadiño, BI",https://maps.gstatic.com/mapfiles/place_api/icons/v1/png_71/generic_business-71.png,IBIL Charging Station,ChIJZ0qr92ItTg0RDZLELjdC_4o,0.0,ChIJZ0qr92ItTg0RDZLELjdC_4o,"['point_of_interest', 'establishment']",0,43.171646,-2.6172209,43.17302807989272,-2.615892820107277,43.17032842010728,-2.618592479892722,True,59CM+M4 Abadiano,8CMV59CM+M4,,
OPERATIONAL,"Gernika Lorategia, 25, 48003 Bilbo, Bizkaia",https://maps.gstatic.com/mapfiles/place_api/icons/v1/png_71/generic_business-71.png,Iberdrola Clientes Charging Station,ChIJoWwWGTJOTg0RYt1VSm6Mges,5.0,ChIJoWwWGTJOTg0RYt1VSm6Mges,"['point_of_interest', 'establishment']",2,43.2490496,-2.9265358,43.25040902989272,-2.925171770107278,43.24770937010727,-2.927871429892722,True,63XF+J9 Bilbao,8CMV63XF+J9,"[{'height': 2250, 'html_attributions': ['<a href=""https://maps.google.com/maps/contrib/116025830662332418268"">David Losada</a>'], 'photo_reference': 'ATtYBwIeHpVuwyrvzza37lhZhkCxSranui77N0x4_79keJ8Qk8iss4jB7i9MavuBRIy_2G_0fr3Hk2QT-7sN59Lgp8mOjYvk5bll8pgUzNJcekn_MnQpyAhiEDao1VolmL4u-So__CdqcbccbC0wFZumSeaSzVziuoAXG4Da01ziyED3eMyY', 'width': 4000}]",
OPERATIONAL,"GI-631, 2, 20720 Azkoitia, SS",https://maps.gstatic.com/mapfiles/place_api/icons/v1/png_71/generic_business-71.png,IBIL Charging Station,ChIJh9bC6p_SUQ0RN3nu8LwGAPY,0.0,ChIJh9bC6p_SUQ0RN3nu8LwGAPY,"['point_of_interest', 'establishment']",0,43.17207,-2.30361,43.17354627989273,-2.302275220107278,43.17084662010728,-2.304974879892722,True,5MCW+RH Azcoitia,8CMV5MCW+RH,,
OPERATIONAL,"Zarautz Kalea, 136, 20018 Donostia, Gipuzkoa",https://maps.gstatic.com/mapfiles/place_api/icons/v1/png_71/generic_business-71.png,IBIL Charging Station,ChIJnVH2jRGwUQ0RN8sbj1PyUeo,0.0,ChIJnVH2jRGwUQ0RN8sbj1PyUeo,"['point_of_interest', 'establishment']",0,43.3009628,-2.0022566,43.30229782989272,-2.000945070107278,43.29959817010727,-2.003644729892722,True,8X2X+93 San Sebastián,8CMV8X2X+93,,
OPERATIONAL,"Gregorio de la Revilla Zumarkalea, 54, 48009 Bilbo, Bizkaia",https://maps.gstatic.com/mapfiles/place_api/icons/v1/png_71/generic_business-71.png,IBIL Charging Station,ChIJC62N-ihQTg0RQ2kntIze8jg,0.0,ChIJC62N-ihQTg0RQ2kntIze8jg,"['point_of_interest', 'establishment']",0,43.260933,-2.94057,43.26231752989271,-2.939132120107277,43.25961787010727,-2.941831779892722,True,7365+9Q Bilbao,8CMV7365+9Q,,
OPERATIONAL,"Zabalgune Plaza, 13, 48009 Bilbo, Bizkaia",https://maps.gstatic.com/mapfiles/place_api/icons/v1/png_71/generic_business-71.png,IBIL Charging Station,ChIJF7W1c9pPTg0R82oGDxvEJC0,0.0,ChIJF7W1c9pPTg0R82oGDxvEJC0,"['point_of_interest', 'establishment']",0,43.26349,-2.931105,43.26480622989272,-2.929599720107277,43.26210657010728,-2.932299379892722,True,7379+9H Bilbao,8CMV7379+9H,,
OPERATIONAL,"9 Kalea, Iturriondo Kalea, 48940 Leioa",https://maps.gstatic.com/mapfiles/place_api/icons/v1/png_71/generic_business-71.png,IBIL Charging Station,ChIJKXL130VaTg0R32vIPyzf84c,0.0,ChIJKXL130VaTg0R32vIPyzf84c,"['point_of_interest', 'establishment']",0,43.3181269,-2.992554,43.31947837989272,-2.991206870107278,43.31677872010728,-2.993906529892722,True,8294+7X Lejona,8CMV8294+7X,,
OPERATIONAL,"Ubitarte Plaza, 1, 20870 Elgoibar, Gipuzkoa",https://maps.gstatic.com/mapfiles/place_api/icons/v1/png_71/generic_business-71.png,IBIL Charging Station,ChIJfU8hwjPUUQ0RUKDJ-r3aOq8,0.0,ChIJfU8hwjPUUQ0RUKDJ-r3aOq8,"['point_of_interest', 'establishment']",0,43.213521,-2.4167971,43.21488672989273,-2.415485470107278,43.21218707010728,-2.418185129892723,True,6H7M+C7 Elgóibar,8CMV6H7M+C7,,
OPERATIONAL,"GI-627, 20500 Arrasate, SS",https://maps.gstatic.com/mapfiles/place_api/icons/v1/png_71/generic_business-71.png,Iberdrola Clientes Charging Station,ChIJOfthUl7WTw0R8n7y_v2eQko,5.0,ChIJOfthUl7WTw0R8n7y_v2eQko,"['point_of_interest', 'establishment']",1,43.048717,-2.497361,43.05015232989272,-2.496057070107278,43.04745267010728,-2.498756729892722,True,2GX3+F3 Mondragón,8CMV2GX3+F3,,
OPERATIONAL,"Arantzazuko Ama Kalea, 1, 20569 Oñati, Gipuzkoa",https://maps.gstatic.com/mapfiles/place_api/icons/v1/png_71/generic_business-71.png,IBIL Charging Station,ChIJ0wLVY-MoUA0Rj6kqr9vhBww,0.0,ChIJ0wLVY-MoUA0Rj6kqr9vhBww,"['point_of_interest', 'establishment']",0,43.028366,-2.409438,43.02972787989272,-2.408078320107278,43.02702822010728,-2.410777979892723,True,2HHR+86 Oñate,8CMV2HHR+86,,
OPERATIONAL,"Urkixo Zumarkalea, 19, 48008 Bilbo, Bizkaia",https://maps.gstatic.com/mapfiles/place_api/icons/v1/png_71/generic_business-71.png,IBIL Charging Station,ChIJLb3vMdFPTg0RHNpjm8B9AR0,0.0,ChIJLb3vMdFPTg0RHNpjm8B9AR0,"['point_of_interest', 'establishment']",0,43.25996,-2.93222,43.26126912989272,-2.930844220107278,43.25856947010728,-2.933543879892722,True,7359+X4 Bilbao,8CMV7359+X4,,
OPERATIONAL,"Polígono Parque Tecnológico, 48170 Zamudio, BI",https://maps.gstatic.com/mapfiles/place_api/icons/v1/png_71/generic_business-71.png,IBIL Charging Station,ChIJIbKal1RPTg0RaAK8NcdjpVg,0.0,ChIJIbKal1RPTg0RaAK8NcdjpVg,"['point_of_interest', 'establishment']",0,43.2896322,-2.8590636,43.29103027989272,-2.857680570107277,43.28833062010728,-2.860380229892722,True,74QR+V9 Zamudio,8CMV74QR+V9,,
OPERATIONAL,"48910, BI",https://maps.gstatic.com/mapfiles/place_api/icons/v1/png_71/generic_business-71.png,Carga de vehículos electrícos Carrefour,ChIJmQqUoQpbTg0RTyrhPBnzUL4,5.0,ChIJmQqUoQpbTg0RTyrhPBnzUL4,"['point_of_interest', 'establishment']",1,43.3003068,-3.0028701,43.30165677989272,-3.001507020107278,43.29895712010728,-3.004206679892722,True,8X2W+4V Baracaldo,8CMR8X2W+4V,,
OPERATIONAL,"Gregorio Ordoñez Kalea, 20011 Donostia, Gipuzkoa",https://maps.gstatic.com/mapfiles/place_api/icons/v1/png_71/generic_business-71.png,IBIL Charging Station,ChIJEQiGePGvUQ0RbF_zktxMJyo,0.0,ChIJEQiGePGvUQ0RbF_zktxMJyo,"['point_of_interest', 'establishment']",0,43.305283,-1.973914,43.30688132989272,-1.972322970107278,43.30418167010728,-1.975022629892722,True,824G+4C San Sebastián,8CMW824G+4C,,
OPERATIONAL,"Herrandarren Kalea, 17, 01003 Gasteiz, Araba",https://maps.gstatic.com/mapfiles/place_api/icons/v1/png_71/generic_business-71.png,IBIL Charging Station,ChIJDXoLjWbCTw0RN35xLUYtV6M,0.0,ChIJDXoLjWbCTw0RN35xLUYtV6M,"['point_of_interest', 'establishment']",0,42.84850489999999,-2.6654953,42.84984957989272,-2.664188920107278,42.84714992010728,-2.666888579892722,True,R8XM+CR Vitoria-Gasteiz,8CJVR8XM+CR,,
OPERATIONAL,"Calle Prado Viejo, 70, 26007 Logroño, La Rioja",https://maps.gstatic.com/mapfiles/place_api/icons/v1/png_71/generic_business-71.png,Recarga eléctrica de coches y motos,ChIJ35wIo6VURQ0RAI1dRRuMQ9g,5.0,ChIJ35wIo6VURQ0RAI1dRRuMQ9g,"['point_of_interest', 'establishment']",1,42.45278829999999,-2.4717361,42.45415097989271,-2.470137970107278,42.45145132010727,-2.472837629892723,,FG3H+48 Logroño,8CJVFG3H+48,,
OPERATIONAL,"Lugar Laranga, 5B, 20830 Laranga Auzoa, SS",https://maps.gstatic.com/mapfiles/place_api/icons/v1/png_71/generic_business-71.png,Fenie Energia Charging Station,ChIJoRZZZKDQUQ0RoUlCCwFuKXI,0.0,ChIJoRZZZKDQUQ0RoUlCCwFuKXI,"['point_of_interest', 'establishment']",0,43.3043436,-2.3636381,43.30565417989272,-2.362303820107277,43.30295452010728,-2.365003479892722,True,8J3P+PG Laranga Auzoa,8CMV8J3P+PG,,
OPERATIONAL,"Erribera Etorbidea, 48903 Barakaldo, Bizkaia",https://maps.gstatic.com/mapfiles/place_api/icons/v1/png_71/generic_business-71.png,IBIL Charging Station,ChIJwQkl5edbTg0RXuj97H1Olig,4.0,ChIJwQkl5edbTg0RXuj97H1Olig,"['point_of_interest', 'establishment']",1,43.2934494,-3.0061134,43.29475627989272,-3.004801620107278,43.29205662010727,-3.007501279892722,True,7XVV+9H Baracaldo,8CMR7XVV+9H,"[{'height': 3024, 'html_attributions': ['<a href=""https://maps.google.com/maps/contrib/106713846974514922433"">Forote</a>'], 'photo_reference': 'ATtYBwIhw7s8-Z9Z0v8BiLHRL9eNGcqTWLcjZdwNQkE8yLNn8pbB2koWxmVSB8DeX7UnqplicbZq9FcULh1bt6qR5wdD0BifsJYhvnODC5Z3kY-oN09Rjaqw6osh0DV0yNWATuCAIGfmkdATK5EqadnPWETgpmgipNkGMxK1nOktpZ66t6wr', 'width': 4032}]",
OPERATIONAL,"Pol., Industrial la Coba Poligonoa, 1303, Álava",https://maps.gstatic.com/mapfiles/place_api/icons/v1/png_71/generic_business-71.png,Tesla Supercharger Rivabellosa,ChIJHXQvuGeQTw0RCtNEAjCaHs0,4.2,ChIJHXQvuGeQTw0RCtNEAjCaHs0,"['point_of_interest', 'establishment']",52,42.7011818,-2.9194399,42.70255277989272,-2.917982520107278,42.69985312010727,-2.920682179892722,True,P32J+F6 Rivabellosa,8CJVP32J+F6,"[{'height': 1900, 'html_attributions': ['<a href=""https://maps.google.com/maps/contrib/105533599758575450244"">Rui Fernandes</a>'], 'photo_reference': 'ATtYBwIV0ziR4zVrSv-XQfk8VVtgWPM7b3IRiRmoKhbvTlThKPLwuG1F9TqFFcBv_a1tguj339xghAMTAFdCETtWnK3extWRADiZDt_ezOnC-nrfOoYy_JL2BhdtrWhfSmyGGB_p-ucfeYdu5Y0ytFQSNW8ofjLSK10MoNWZKG6LtyFzXt7o', 'width': 2144}]",
OPERATIONAL,"Mikeletegi Pasealekua, 53, 20009 Donostia, Gipuzkoa",https://maps.gstatic.com/mapfiles/place_api/icons/v1/png_71/generic_business-71.png,IBIL Charging Station,ChIJYSTaS96vUQ0Ryr3oIfXkWYc,0.0,ChIJYSTaS96vUQ0Ryr3oIfXkWYc,"['point_of_interest', 'establishment']",0,43.29163399999999,-1.9854217,43.29289172989272,-1.984135570107278,43.29019207010727,-1.986835229892723,True,72R7+MR San Sebastián,8CMW72R7+MR,,
OPERATIONAL,"Carretera nacional 1 Km 364, El Parador Kalea, 14, 01192 Argomaniz, Araba",https://maps.gstatic.com/mapfiles/place_api/icons/v1/png_71/generic_business-71.png,Tesla Destination Charger,ChIJwznmRNbdTw0RZLkEDOULGao,0.0,ChIJwznmRNbdTw0RZLkEDOULGao,"['point_of_interest', 'establishment']",0,42.8678842,-2.5415086,42.86927847989272,-2.540131270107278,42.86657882010728,-2.542830929892722,,VF95+59 Argómaniz,8CJVVF95+59,,
OPERATIONAL,"12 Plaza Norberto Resa, 01004 Gasteiz",https://maps.gstatic.com/mapfiles/place_api/icons/v1/png_71/generic_business-71.png,IBIL Charging Station,ChIJfXLG5XrCTw0RECc4EP1FEv4,0.0,ChIJfXLG5XrCTw0RECc4EP1FEv4,"['point_of_interest', 'establishment']",0,42.841,-2.6666,42.84252377989272,-2.665161870107278,42.83982412010728,-2.667861529892722,True,R8RM+C9 Vitoria-Gasteiz,8CJVR8RM+C9,,
OPERATIONAL,"Av. de Burgos, 49, 26006 Logroño, La Rioja",https://maps.gstatic.com/mapfiles/place_api/icons/v1/png_71/generic_business-71.png,Iberdrola Clientes Charging Station,ChIJORTFRrdURQ0R2bM5FVdN6Zg,0.0,ChIJORTFRrdURQ0R2bM5FVdN6Zg,"['point_of_interest', 'establishment']",0,42.4615534,-2.4692679,42.46297387989271,-2.468013570107277,42.46027422010727,-2.470713229892722,True,FG6J+J7 Logroño,8CJVFG6J+J7,"[{'height': 452, 'html_attributions': ['<a href=""https://maps.google.com/maps/contrib/109185068800590779382"">Javi Mendez</a>'], 'photo_reference': 'ATtYBwLtE1X5I5zcMNxW_NpWFQKix6_fI6TOTb1-TF8M9e6GW4upPgunhWOKTUWo5vflZ9fRj7EGgUIKUVDsDA9ot8euIChivSnQSqRfIP7f5HJn-inaAx3WJ7jBB4Z0ReT-5T3O5Kxj_Wt1rNCoGSGCkUUHW_GsBi9nSR1q3WONFyW83r-K', 'width': 800}]",
OPERATIONAL,"Aientsa Auzoa, 50, 31790 Arantza, Navarre",https://maps.gstatic.com/mapfiles/place_api/icons/v1/png_71/generic_business-71.png,Tesla Destination Charger,ChIJXf0KyjoCUQ0RBf8MfII_ODc,5.0,ChIJXf0KyjoCUQ0RBf8MfII_ODc,"['point_of_interest', 'establishment']",1,43.18927499999999,-1.7438865,43.19066747989272,-1.742537570107278,43.18796782010727,-1.745237229892722,,57Q4+PC Aranaz,8CMW57Q4+PC,,
