business_status,formatted_address,icon,name,place_id,rating,reference,types,user_ratings_total,geometry.location.lat,geometry.location.lng,geometry.viewport.northeast.lat,geometry.viewport.northeast.lng,geometry.viewport.southwest.lat,geometry.viewport.southwest.lng,plus_code.compound_code,plus_code.global_code,opening_hours.open_now,photos
OPERATIONAL,"Av. Galicia, s/n, 32317 O Barco, Province of Ourense",https://maps.gstatic.com/mapfiles/place_api/icons/v1/png_71/generic_business-71.png,Estación de carga de vehículos eléctricos,ChIJad4lTB-FMA0RGeiW9yVjizM,0.0,ChIJad4lTB-FMA0RGeiW9yVjizM,"['point_of_interest', 'establishment']",0,42.4172136,-6.9975513,42.41861732989272,-6.996194370107277,42.41591767010728,-6.998894029892721,C282+VX El Barco de Valdeorras,8CJMC282+VX,,
OPERATIONAL,"Av. de Galicia, 2, 33740 Tapia de Casariego, Asturias",https://maps.gstatic.com/mapfiles/place_api/icons/v1/png_71/generic_business-71.png,"EDP Comercializadora, SAU Charging Station",ChIJJR1tT2h9MQ0R3MQ8g-4MXOo,0.0,ChIJJR1tT2h9MQ0R3MQ8g-4MXOo,"['point_of_interest', 'establishment']",0,43.5687179,-6.944178,43.57003832989272,-6.942796620107278,43.56733867010728,-6.945496279892722,H394+F8 Tapia de Casariego,8CMMH394+F8,True,
OPERATIONAL,"Rúa de Miguel Ferro Caaveiro, 85, 15707 Santiago de Compostela, A Coruña",https://maps.gstatic.com/mapfiles/place_api/icons/v1/png_71/generic_business-71.png,Easycharger Estación de carga,ChIJ4yUJk77_Lg0Rb53c7byyvG0,4.8,ChIJ4yUJk77_Lg0Rb53c7byyvG0,"['point_of_interest', 'establishment']",8,42.8844839,-8.5129472,42.88585717989272,-8.511587120107277,42.88315752010728,-8.514286779892721,VFMP+QR Santiago de Compostela,8CJHVFMP+QR,True,"[{'height': 1574, 'html_attributions': ['<a href=""https://maps.google.com/maps/contrib/110777763468285013675"">Jose Angel Barandela Mora</a>'], 'photo_reference': 'ATtYBwKcRA2TvYrpDcL7HMHygsaVzOWNo2lZ8wXSTGS7V3oixITaPx-p_zEGgfBBHy9Nustes7NdCfT7hvmJklNpkBbjHr-JB1y20RdleiSORbn3ahOwD2dQ3KOEDxKDl6IgvpXmOXaeevVYgmooAtJ4YMzf8VlbvunKbwz4sunujCkT3DkL', 'width': 2100}]"
OPERATIONAL,"Rúa E, 27150, 27150, Lugo",https://maps.gstatic.com/mapfiles/place_api/icons/v1/png_71/generic_business-71.png,EasyCharger Estación de carga,ChIJv-mfwefFMQ0RmvhiWHAIuXw,5.0,ChIJv-mfwefFMQ0RmvhiWHAIuXw,"['point_of_interest', 'establishment']",4,43.1071861,-7.605576299999999,43.10836947989272,-7.604106520107279,43.10566982010728,-7.606806179892723,494V+VQ Otero de Rey,8CMJ494V+VQ,True,"[{'height': 1080, 'html_attributions': ['<a href=""https://maps.google.com/maps/contrib/117290055361616206445"">Alf</a>'], 'photo_reference': 'ATtYBwI2kHmHQ-NgMX99za_RJAz9y2EYLuWyIt6F3nrwjkrdCmUwVsR0O5ljrPHzTlUEijS4lBHJviNk4tv2KDuGb-fyOA8BPQ2fnDKl7ScfWgP5SUt-L7kDD44WE8tko9UlUfAo7Vys4PXNWvqb1wv-gXF7b_WNR6TsrsUnnRxeyhYIgede', 'width': 1920}]"
OPERATIONAL,"El Bierzo, Camino Real, 1, 24318 Bembibre",https://maps.gstatic.com/mapfiles/place_api/icons/v1/png_71/generic_business-71.png,Tesla Supercharger,ChIJ--DqgGC0MA0RkpY8A-G3nlI,4.6,ChIJ--DqgGC0MA0RkpY8A-G3nlI,"['point_of_interest', 'establishment']",52,42.6235665,-6.4531146,42.62491142989272,-6.451726320107278,42.62221177010728,-6.454425979892722,JGFW+CQ Bembibre,8CJMJGFW+CQ,True,"[{'height': 3024, 'html_attributions': ['<a href=""https://maps.google.com/maps/contrib/100448880617100548866"">Alejandro Carrera</a>'], 'photo_reference': 'ATtYBwKO9uSnCPoJ2fG9a7cfZfjX_Hb6F5VJYaC73_tAMz0_MvcggfJFDAcZJMqCEecJS1IcQY65z0bMAPOE_lzM2kuf1MeFxMjbaYaMdTk6kX5vEYGFVtU_RD-N5tBsIEJJfADzLhuU5PgdMoY_iI14qP2HBfIlZtNG8QXzo6trjPzrHa9y', 'width': 4032}]"
OPERATIONAL,"Rúa Arquitecto Palacios, 25, 36340 Nigrán, Pontevedra",https://maps.gstatic.com/mapfiles/place_api/icons/v1/png_71/generic_business-71.png,Iberdrola Charging Station,ChIJT3tOslyLJQ0R35dyN6qF5v0,0.0,ChIJT3tOslyLJQ0R35dyN6qF5v0,"['point_of_interest', 'establishment']",0,42.14288,-8.818901,42.14421682989273,-8.817595970107279,42.14151717010729,-8.820295629892723,45VJ+5C Nigrán,8CJH45VJ+5C,True,
OPERATIONAL,"Rúa das Pontes, 4, 36350 Nigrán, Pontevedra",https://maps.gstatic.com/mapfiles/place_api/icons/v1/png_71/generic_business-71.png,Iberdrola Charging Station,ChIJE3rdq4GMJQ0RMqjXCF2kJmY,0.0,ChIJE3rdq4GMJQ0RMqjXCF2kJmY,"['point_of_interest', 'establishment']",0,42.1328699,-8.795249,42.13421757989273,-8.79391012010728,42.13151792010729,-8.796609779892723,46M3+4W Nigrán,8CJH46M3+4W,True,
OPERATIONAL,"Av. de Madrid, 124, 36214 Vigo, PO",https://maps.gstatic.com/mapfiles/place_api/icons/v1/png_71/generic_business-71.png,Iberdrola Charging Station,ChIJtUgffdWJJQ0R9qBcgGXs4Xg,0.0,ChIJtUgffdWJJQ0R9qBcgGXs4Xg,"['point_of_interest', 'establishment']",0,42.220194,-8.706229,42.22159742989272,-8.704796820107278,42.21889777010728,-8.707496479892722,67CV+3G Vigo,8CJH67CV+3G,True,
OPERATIONAL,"Av. Infanta Elena, 213, 27003 Lugo",https://maps.gstatic.com/mapfiles/place_api/icons/v1/png_71/generic_business-71.png,Tesla Destination Charger,ChIJe_j1klXOMQ0R7T20ysao6fo,4.4,ChIJe_j1klXOMQ0R7T20ysao6fo,"['point_of_interest', 'establishment']",9,43.0371727,-7.5688405,43.03865867989272,-7.567073870107278,43.03595902010728,-7.569773529892722,2CPJ+VF Lugo,8CMJ2CPJ+VF,True,"[{'height': 1440, 'html_attributions': ['<a href=""https://maps.google.com/maps/contrib/106727954424058482384"">Jose Rodriguez</a>'], 'photo_reference': 'ATtYBwLGvJNn0OPJV1i3_ofb4cb2JQlfOSy875IgnoKUHd0ZsnIXjsiCGjn3r_uwJOEZZx-tDQJPORaq1hc-yUWVDMvUdBrt-HVDPR2Aejrz5Ohw5vxtR-pKwZ1dF9J3uALsmzGZeD_yI69BuZU60XV-0LqXfXkJCTY9wMakHColb_M7BQEs', 'width': 2560}]"
OPERATIONAL,"49395 Cobreros, Zamora",https://maps.gstatic.com/mapfiles/place_api/icons/v1/png_71/generic_business-71.png,EasyCharger Estación de carga,ChIJpeaHj2sXOg0RFiF3AFNrGx8,3.0,ChIJpeaHj2sXOg0RFiF3AFNrGx8,"['point_of_interest', 'establishment']",2,42.0610924,-6.642711599999999,42.06242142989272,-6.641329470107277,42.05972177010727,-6.644029129892721,3964+CW Cobreros,8CJM3964+CW,True,"[{'height': 1080, 'html_attributions': ['<a href=""https://maps.google.com/maps/contrib/117290055361616206445"">Alf</a>'], 'photo_reference': 'ATtYBwI7rrIl5OaC_d8TcU2ERb9QzgBujsOyId3QGg3jUQuJXXJNZPBXo0s6FqdGcvNgP-OlWx2vu37RXxYrrN2oPXhBQ55QJDdf3Rx6Pq5iKrp7vdRutvX_gORL8igpuxF-c4k1o1z5mSjHLjWRfpVDAoSrkx8b5xJ87IgZha_H66Vd1iPa', 'width': 1920}]"
OPERATIONAL,"Camino de los Gallegos, 49630, Zamora",https://maps.gstatic.com/mapfiles/place_api/icons/v1/png_71/generic_business-71.png,EasyCharger Estación de carga,ChIJExdLETZhOA0R9kjFDb9H69Y,5.0,ChIJExdLETZhOA0R9kjFDb9H69Y,"['point_of_interest', 'establishment']",2,41.8261174,-5.3788634,41.82749952989272,-5.377521670107279,41.82479987010728,-5.380221329892723,RJGC+CF Villalpando,8CHPRJGC+CF,True,"[{'height': 1152, 'html_attributions': ['<a href=""https://maps.google.com/maps/contrib/117290055361616206445"">Alf</a>'], 'photo_reference': 'ATtYBwKg8F_zayzWS8dl_rB9sviYjjMmZFNALwD3VH7l_pETpea_6qZ0klxdS2d740zSYKqN_8ogVo377iLZk98RuaXvblQG9gKgld1nT77j45IEO4nU0VSWWeuI4DMIQ5zTu422_RzMpwn0zGN6CXKrglSrGtP7IL00YX_SRAVUVESruKHz', 'width': 2048}]"
OPERATIONAL,"Extrarradio Diseminados, 74, 47132 Tordesillas, Valladolid",https://maps.gstatic.com/mapfiles/place_api/icons/v1/png_71/generic_business-71.png,EasyCharger Estación de carga,ChIJDU2QxqFnRw0RU05rjHLGXjo,5.0,ChIJDU2QxqFnRw0RU05rjHLGXjo,"['point_of_interest', 'establishment']",2,41.5421864,-4.8971757,41.54354877989272,-4.895818520107278,41.54084912010727,-4.898518179892722,G4R3+V4 Tordesillas,8CHQG4R3+V4,True,"[{'height': 480, 'html_attributions': ['<a href=""https://maps.google.com/maps/contrib/101682223055713112817"">Ores Chorney</a>'], 'photo_reference': 'ATtYBwLVwfkHNTqQ6E1rfaXBCs2XGdzzIWYyt6oT-9qceow9KM83b4-Lx64zDxuHqWbCFRq6ubCkvDGcoA3mZ6Pt4Smt65_zGIdO7eANm8n_MbRGPy2rHuvbo13KjBZvfp386jD_Vto6TFUvuz_6Ec_2Brw-Pfy7TpM2VceuwRYwmXwjCPEp', 'width': 640}]"
OPERATIONAL,"Av. de Madrid, S/N, 36214 Vigo, PO",https://maps.gstatic.com/mapfiles/place_api/icons/v1/png_71/generic_business-71.png,Iberdrola Charging Station,ChIJWwORfSyIJQ0R43pt3PcAcQQ,0.0,ChIJWwORfSyIJQ0R43pt3PcAcQQ,"['point_of_interest', 'establishment']",0,42.2154,-8.701267,42.21683402989271,-8.699696820107278,42.21413437010727,-8.702396479892721,678X+5F Vigo,8CJH678X+5F,True,
OPERATIONAL,"27710, Lugo",https://maps.gstatic.com/mapfiles/place_api/icons/v1/png_71/generic_business-71.png,Puntos de Recarga Mercadona,ChIJeZW83zN_MQ0RLx0TbwNyfU4,4.5,ChIJeZW83zN_MQ0RLx0TbwNyfU4,"['point_of_interest', 'establishment']",2,43.5404319,-7.0629537,43.54156347989272,-7.061705820107277,43.53886382010727,-7.064405479892721,GWRP+5R Ribadeo,8CMJGWRP+5R,True,"[{'height': 3024, 'html_attributions': ['<a href=""https://maps.google.com/maps/contrib/104485052074667192772"">Ángel Fernandez</a>'], 'photo_reference': 'ATtYBwLySk5mRfzW8vUesAxN8fpNKaOWSsFyL0JpaLFZLACMXfHIvjTG_EIfalw7kxIdPKJLjjQUTIYGLv1rG_5AEGVesU9iTOEUHbZqplEO2OszaRm_2b2nWpbcZyH2oRjwKrZrioPd2d9tk8ywWXAUQndzDHDzGA1kS-wboWGmAZWgVofL', 'width': 4032}]"
OPERATIONAL,"Calle de Alfonso XII, 2, 28014 Madrid",https://maps.gstatic.com/mapfiles/place_api/icons/v1/png_71/generic_business-71.png,Estacion Carga VE Ibil Charging Station,ChIJd4G87JsoQg0RFu981P3UU8Y,4.5,ChIJd4G87JsoQg0RFu981P3UU8Y,"['point_of_interest', 'establishment']",2,40.419264,-3.6889067,40.42061187989272,-3.687517570107278,40.41791222010727,-3.690217229892721,C896+PC Madrid,8CGRC896+PC,True,"[{'height': 2592, 'html_attributions': ['<a href=""https://maps.google.com/maps/contrib/110059003304785921608"">Carlos Ruiz Badilla</a>'], 'photo_reference': 'ATtYBwIWd6hSYpazsmeQjTLUufevVqXCH72c0lYJ92RuJ9EssFv0k2OGK7esttbD-ZY1J65ARV5aZOoel-BXVNkEsFVw1yLyIR3q2aY7g9y6qpWVKwNNrlAVfsxcqzD0VgSRUR3LnnGe_rlNX66tIlidAxRbdYbwvsqh61KZrkdbuebs6M16', 'width': 3872}]"
OPERATIONAL,"Av. Dr. António Macedo 163, 4450-617 Leça da Palmeira, Portugal",https://maps.gstatic.com/mapfiles/place_api/icons/v1/png_71/generic_business-71.png,Tesla Destination Charger,ChIJc5Zg48xoJA0RZrDiZKSDBs4,0.0,ChIJc5Zg48xoJA0RZrDiZKSDBs4,"['point_of_interest', 'establishment']",0,41.194965,-8.689988999999999,41.19634517989272,-8.688613370107278,41.19364552010727,-8.691313029892722,"58V6+X2 Leça da Palmeira, Portugal",8CHH58V6+X2,,
OPERATIONAL,"Estrada Vella de Madrid, 4, 36214 Vigo, Pontevedra",https://maps.gstatic.com/mapfiles/place_api/icons/v1/png_71/generic_business-71.png,Iberdrola Charging Station,ChIJs3NCfSyIJQ0R_4XToUfaMK8,0.0,ChIJs3NCfSyIJQ0R_4XToUfaMK8,"['point_of_interest', 'establishment']",0,42.215273,-8.701265,42.21677052989271,-8.699695820107278,42.21407087010727,-8.702395479892722,678X+4F Vigo,8CJH678X+4F,True,
OPERATIONAL,"Avenida Finisterre, 326, 15010 A Coruña",https://maps.gstatic.com/mapfiles/place_api/icons/v1/png_71/shopping-71.png,Finisterre Motor,ChIJWZ9BxvF8Lg0RDOF5jBAmoIE,4.1,ChIJWZ9BxvF8Lg0RDOF5jBAmoIE,"['car_dealer', 'car_repair', 'point_of_interest', 'store', 'establishment']",272,43.3568583,-8.425587,43.35812117989272,-8.424166120107278,43.35542152010728,-8.426865779892722,9H4F+PQ La Coruña,8CMH9H4F+PQ,True,"[{'height': 4281, 'html_attributions': ['<a href=""https://maps.google.com/maps/contrib/110508337036884057580"">FINISTERRE MOTOR</a>'], 'photo_reference': 'ATtYBwIhz-Tztp04w7JJqqB9FVXIZtAqYrozNdBJKs3kfm263mT-5eYOK6keZADbMicxLWY8ySYBTH0vUmP_0Md2A8rk3km6npcTvY_ZTvJMS8GVhM1qbeFTAv_F07ry2E4T871ZjSonc2sqYfXY8kFPWG0EKKOxzJWXAfvap18okAq9Ogsn', 'width': 6415}]"
OPERATIONAL,"A Coruña, Km. 58, 15703 Santiago de Compostela, C",https://maps.gstatic.com/mapfiles/place_api/icons/v1/png_71/shopping-71.png,Concesionario Oficial Hyundai | Hyupersa | Santiago,ChIJM9tegQX_Lg0RkHsUV01Sbsw,3.7,ChIJM9tegQX_Lg0RkHsUV01Sbsw,"['car_dealer', 'car_repair', 'point_of_interest', 'store', 'establishment']",151,42.903521,-8.5181839,42.90497247989271,-8.516944820107277,42.90227282010727,-8.51964447989272,WF3J+CP Santiago de Compostela,8CJHWF3J+CP,True,"[{'height': 3120, 'html_attributions': ['<a href=""https://maps.google.com/maps/contrib/100310451038714020353"">Eduardo Garcia</a>'], 'photo_reference': 'ATtYBwK4Ttd3b08VJmgB3GK2IYBl9omFtXBdD5C37St39w8RxcdP5Ht48AdZF04KJiHetpOKb32mQmQHB0iXnep2GLSR7fOUmJCV12xVvYrgwTihSQXRg9WOsvgnU_KAiVTSE2RVEjnDutY14mTT4CGZzcRZ_qf2xppMmfPdGP8IGLcwpMSt', 'width': 4160}]"
OPERATIONAL,"de Canedo, Ctra de Vigo, 26, 32001 Quintela, Ourense",https://maps.gstatic.com/mapfiles/place_api/icons/v1/png_71/shopping-71.png,Concesionario Oficial Hyundai | Hyupersa | Ourense,ChIJpaDQq335Lw0RzPntO4u1kiE,4.2,ChIJpaDQq335Lw0RzPntO4u1kiE,"['car_dealer', 'car_repair', 'point_of_interest', 'store', 'establishment']",131,42.3556854,-7.905260799999999,42.35709257989272,-7.90391332010728,42.35439292010727,-7.906612979892723,934V+7V Orense,8CJJ934V+7V,True,"[{'height': 1080, 'html_attributions': ['<a href=""https://maps.google.com/maps/contrib/107598083360116150994"">Hyupersa</a>'], 'photo_reference': 'ATtYBwLo91mlFSfn4vTLAqnLABbC9_N8jouUxQtHpQKx94V3GcMxLWKHiF8nNk_QvYQnCkI6zo2mwXMEZqZe8RV-4dV9Pdhi85MK9_yC--sGyU74K3CPAAqb49WCiL5B2pUdAUGogh7JFR0X6LhS4lDzLl01XKYF3uXN2X1KGsAYAtGS1MWV', 'width': 1080}]"
OPERATIONAL,"Av. Doutor Moreira Casal, 20, 36600 Vilagarcía de Arousa, Pontevedra",https://maps.gstatic.com/mapfiles/place_api/icons/v1/png_71/generic_business-71.png,Estacíon de Vilagarcia De Arousa Adif,ChIJTXqnexwULw0RUN6mMJbCLBY,3.9,ChIJTXqnexwULw0RUN6mMJbCLBY,"['point_of_interest', 'establishment']",80,42.601976,-8.7622537,42.60331197989272,-8.76099962010728,42.60061232010727,-8.763699279892723,J62Q+Q3 Villagarcía de Arosa,8CJHJ62Q+Q3,True,"[{'height': 2448, 'html_attributions': ['<a href=""https://maps.google.com/maps/contrib/107964339398162028785"">Victor M. Herrera</a>'], 'photo_reference': 'ATtYBwKnTAHhVyI3VI0wRXkaAjZRjI_AzJmn8SF1-U1973fSFhsQocJRlu6gF-Y9opjt_1XELW_eK9LQyZy6o40LoSBRrXLoIj857ytgARrz4Yg_v7A0srK3U6O-dYDnrhgsH7JOfWwGnhqmAbIDHX8uXxF0sDbBmmZQeCTK85pyqWAgjsBo', 'width': 3264}]"
OPERATIONAL,"Calle Reboredo, 93, 36988, PO",https://maps.gstatic.com/mapfiles/place_api/icons/v1/png_71/lodging-71.png,Hotel - Apartamentos Spa Bosque Mar,ChIJlcdndk9ALw0R0jfs29Wo9SQ,4.5,ChIJlcdndk9ALw0R0jfs29Wo9SQ,"['spa', 'lodging', 'park', 'restaurant', 'food', 'point_of_interest', 'establishment']",424,42.478205,-8.892745,42.47945192989272,-8.89141792010728,42.47675227010728,-8.894117579892724,F4H4+7W Estonllo,8CJHF4H4+7W,True,"[{'height': 2174, 'html_attributions': ['<a href=""https://maps.google.com/maps/contrib/105214545551534156837"">Hotel Bosque Mar</a>'], 'photo_reference': 'ATtYBwKO7OfH0aE_CNCvlwZMCczYfqkZygPB449hoX6epIU3u2mFMBqXDuq9W5dvnGBrPFBtX43XAdxi94-2k51Tn9AdaFMqi4E1TZPlF7-lGgghVjH0Ciw0CYPNpYVJQ21pcUu82L37AE42xB6L0fzFGCx3FCLhOTlHq7mIGsPCoIbWmW0W', 'width': 3869}]"
OPERATIONAL,"Av. Pontevedra, 98, 36619 Vilagarcía de Arousa, PO",https://maps.gstatic.com/mapfiles/place_api/icons/v1/png_71/shopping-71.png,Concesionario Oficial Hyundai | Hyupersa | Villagarcía,ChIJW-ckBwgTLw0Rr6n_t71k7fg,4.2,ChIJW-ckBwgTLw0Rr6n_t71k7fg,"['car_dealer', 'car_repair', 'point_of_interest', 'store', 'establishment']",10,42.58442369999999,-8.7429303,42.58580847989272,-8.741522070107276,42.58310882010728,-8.74422172989272,H7M4+QR Villagarcía de Arosa,8CJHH7M4+QR,True,"[{'height': 1084, 'html_attributions': ['<a href=""https://maps.google.com/maps/contrib/105595373724524928882"">A Google User</a>'], 'photo_reference': 'ATtYBwIytzyGParks4uzR5FoFYfn9sNSbBlwIRUsbARETLmzqHrAbh_sjBn7Pjg3zt_ujLfvAwin-YApPJeR3R7XCxEUdjCslwlM6b6z9FNS2MgH1ySmqrcdxLToNzWSdlGrYOjVQw-DE5pbYIHD7ayit1MTOFQeJs1YjDPHnPiHXYmuTjMi', 'width': 1467}]"
OPERATIONAL,"Avenida del Ferrocarril, 2, 15007 A Coruña, C",https://maps.gstatic.com/mapfiles/place_api/icons/v1/png_71/generic_business-71.png,Estación de A Coruña Adif,ChIJ2-ji8pZ8Lg0Rw_MIw2wbxfw,4.1,ChIJ2-ji8pZ8Lg0Rw_MIw2wbxfw,"['point_of_interest', 'establishment']",85,43.3521165,-8.409936799999999,43.35356187989272,-8.408417670107278,43.35086222010727,-8.411117329892722,9H2R+R2 La Coruña,8CMH9H2R+R2,True,"[{'height': 337, 'html_attributions': ['<a href=""https://maps.google.com/maps/contrib/112132244313807454072"">A Google User</a>'], 'photo_reference': 'ATtYBwJtgRqXZDrjmpufgP7I_Ua4WUi-xXuW5JjcgsKhuTIInaxGC5Dj2tEfSKuI_XcPMhc_IEhA523koD34P5OpkaAfq6xFTKdNA0TtjE_LyM_ALf445NzRlpuByEwXRdBj8JPLK6bsUcEySZsVZQDXc2ehPpJARIUTU3SWLGAuJe6E8ihy', 'width': 600}]"
OPERATIONAL,"Rúa do Hórreo, 75 A, 15702 Santiago de Compostela, A Coruña",https://maps.gstatic.com/mapfiles/place_api/icons/v1/png_71/generic_business-71.png,Estación de Santiago de Compostela Adif,ChIJo6DNuj7-Lg0RVLc44my_RYM,4.0,ChIJo6DNuj7-Lg0RVLc44my_RYM,"['point_of_interest', 'establishment']",158,42.87097079999999,-8.544271199999999,42.87245602989272,-8.543198670107278,42.86975637010728,-8.545898329892722,VFC4+97 Santiago de Compostela,8CJHVFC4+97,True,"[{'height': 316, 'html_attributions': ['<a href=""https://maps.google.com/maps/contrib/111941245702524278840"">A Google User</a>'], 'photo_reference': 'ATtYBwIcS-cofC5TRUgLovFpLaW_73k6heQzL5D6F4MGfWdDscrUg0awH1H-_MQdytjZhmNq10aEJeFVhnjtcnEi0AMijW2ZfTQg9JYDyqxtw5B1rKrf8K3P45t9xMRYu2yGs5fIG3zweO0MsvQGT9D58aC2ueRfej-7nO95NDfCFNt8ry2Y', 'width': 562}]"
OPERATIONAL,"Praza Conde de Fontao, S/N, 27003 Lugo",https://maps.gstatic.com/mapfiles/place_api/icons/v1/png_71/generic_business-71.png,Estacíon de Lugo Adif,ChIJvftv1pDOMQ0RE9EqG-o2sv0,3.6,ChIJvftv1pDOMQ0RE9EqG-o2sv0,"['point_of_interest', 'establishment']",28,43.0150924,-7.5521118,43.01636947989272,-7.550851970107279,43.01366982010727,-7.553551629892723,2C8X+25 Lugo,8CMJ2C8X+25,,"[{'height': 2448, 'html_attributions': ['<a href=""https://maps.google.com/maps/contrib/107989158840716564164"">A Google User</a>'], 'photo_reference': 'ATtYBwJQJIQPAt6iZ6XOzB75u3HaustFfjdwIJSFaEyO6kc6VjgA1v5zdVO2kg8RDeerztq5nl2dQe3c9A_bTyRo5taAVFPjKrkNOBZAeJsZEQpU53C51mn8rGqT2l6oZGWdMEibmqOwQdRfCJHL7Ce2WdBZWNEL_5CZsBfjk_jMY5t5jVY5', 'width': 3264}]"
OPERATIONAL,"Estrada Camposancos, 6, 36213 Vigo, Pontevedra",https://maps.gstatic.com/mapfiles/place_api/icons/v1/png_71/shopping-71.png,Concesionario Oficial Hyundai | Hyupersa | Vigo,ChIJ9wcw7RyKJQ0RqqdLEorNQeI,4.2,ChIJ9wcw7RyKJQ0RqqdLEorNQeI,"['car_dealer', 'car_repair', 'point_of_interest', 'store', 'establishment']",308,42.2052969,-8.7522039,42.20658432989272,-8.75072082010728,42.20388467010728,-8.753420479892723,664X+44 Vigo,8CJH664X+44,True,"[{'height': 1576, 'html_attributions': ['<a href=""https://maps.google.com/maps/contrib/105323296893382632793"">A Google User</a>'], 'photo_reference': 'ATtYBwL3-NvXNtziGIFak0-EffJI1G4YXdCo9J7EWUJcjdsRcT7YqFPm74vgIKgW3dB87-FZ2-5jbyN0aX1o_l5u5LBK7e_q-pumPN5krr2n1vz1w_u1yy1pxeYe1pXKKPnulhmBZmCIKb9FVk8otUElZKzEAIm8uBp67qGt4pVo4lexF8YX', 'width': 2929}]"
OPERATIONAL,"Avenida de Galicia, 41, D, 27400 Monforte de Lemos, Lugo",https://maps.gstatic.com/mapfiles/place_api/icons/v1/png_71/gas_station-71.png,Estación de Servicio Repsol,ChIJm7yyqcITMA0RKnUfPoY-qk4,4.2,ChIJm7yyqcITMA0RKnUfPoY-qk4,"['gas_station', 'car_wash', 'point_of_interest', 'establishment']",23,42.5199624,-7.513412100000001,42.52126782989271,-7.512113070107278,42.51856817010727,-7.514812729892721,GF9P+XJ Monforte de Lemos,8CJJGF9P+XJ,True,"[{'height': 608, 'html_attributions': ['<a href=""https://maps.google.com/maps/contrib/111801011419566700912"">A Google User</a>'], 'photo_reference': 'ATtYBwIe73Se8cXzrG3mwsVBOZoIjGygMfAIGYOfrJDi4XIHf6Hn7Xsp49yQJG1nPICwDSgZx--2WLRaqfBV4IdMeQJj7apgnYtY5HuWu92W-F0lzOrOKskAQyHhgyVdz2gRBjRD94wOOg5RAG6lKPFQrilOuoO8JdDdWlilrKyXjSegBUzj', 'width': 1080}]"
OPERATIONAL,"36800, Pontevedra",https://maps.gstatic.com/mapfiles/place_api/icons/v1/png_71/train-71.png,Redondela,ChIJkx7N1op8Lw0RIjdIFHJeFhc,3.8,ChIJkx7N1op8Lw0RIjdIFHJeFhc,"['train_station', 'transit_station', 'point_of_interest', 'establishment']",21,42.286005,-8.619402,42.28729682989272,-8.61805337010728,42.28459717010728,-8.620753029892724,79PJ+C6 A Portela,8CJH79PJ+C6,,"[{'height': 3024, 'html_attributions': ['<a href=""https://maps.google.com/maps/contrib/106257549714811855940"">Zulema Prado Quiroga</a>'], 'photo_reference': 'ATtYBwKy_g1SKFR0H7GHE1eCexIhJgF8roAmrx5QNLK2S5HjkMXghCRVvJjQdkvXHt4isBT1Yx7CQ8yC6fYKbEcSvUs1-DmBP7EpZ26i2vyLuuAWwslxgg_U5Yab90FrG_wtLaRVgH3ubAaMVddphGHgq8iZOnipmN2i0Zq-sR02CUx2VxY', 'width': 4032}]"
OPERATIONAL,"Rúa Ricardo Martín Esperanza, nº 12, 32901 Reboredo, Ourense",https://maps.gstatic.com/mapfiles/place_api/icons/v1/png_71/gas_station-71.png,Estación Naturgy San Cibrao,ChIJjcBmRY__Lw0RCaPI5chMzPA,3.6,ChIJjcBmRY__Lw0RCaPI5chMzPA,"['gas_station', 'point_of_interest', 'establishment']",19,42.2897324,-7.816631300000001,42.29108997989272,-7.815313720107279,42.28839032010728,-7.818013379892723,75QM+V8 Reboredo,8CJJ75QM+V8,True,"[{'height': 3024, 'html_attributions': ['<a href=""https://maps.google.com/maps/contrib/112582630188533722590"">Pablo Garcia Jimenez</a>'], 'photo_reference': 'ATtYBwIt1pCZBmgEv6OEOyYcdCmeS-_asxJeH-1ZJTGoUdXV4c0L5PUH5zyvL2c13NMpXKqjNQbtLcGD57oZHp6qxfiPE7kzXMz4q-p0UjhFqLYDPez0N1mSI5mpYqm9YhEMzz3VCkM4n6Rg0qB8h8tjaO7OZoqvA-flv5Ww0eXUnSb4NpS9', 'width': 4032}]"
OPERATIONAL,"Rúa do Areal, 36201 Vigo, Pontevedra",https://maps.gstatic.com/mapfiles/place_api/icons/v1/png_71/train-71.png,Vigo Guixar,ChIJ3RiSSWFiLw0RIofiPbEXW9Y,3.6,ChIJ3RiSSWFiLw0RIofiPbEXW9Y,"['train_station', 'transit_station', 'point_of_interest', 'establishment']",164,42.2392617,-8.712034,42.24053357989272,-8.710610070107277,42.23783392010728,-8.713309729892721,67QQ+P5 Vigo,8CJH67QQ+P5,,"[{'height': 1705, 'html_attributions': ['<a href=""https://maps.google.com/maps/contrib/113520168559168069249"">Jorge Salgado González</a>'], 'photo_reference': 'ATtYBwIRZS9Ao81pU7cNon-Mytf0RW3momdCtdawKVdzxMxuZEmt3TV54KBZFyJU4L3o6OxmUjhdQVaq7XN5jOzZYvnM351zSGzyauZfOaF0SvLF5j67sb5xFz9A3znZOgCD_iz3ZcLSg-8sT9gvf_rvbnBKVxAtS4luSOEMVHS37cq6OHyQ', 'width': 3253}]"
OPERATIONAL,"Avenida das Mariñas, 272, 15172 Perillo, A Coruña",https://maps.gstatic.com/mapfiles/place_api/icons/v1/png_71/shopping-71.png,Tumosa,ChIJY0KV7M1kLg0RMPUPJWJGzNI,4.1,ChIJY0KV7M1kLg0RMPUPJWJGzNI,"['car_dealer', 'car_repair', 'point_of_interest', 'store', 'establishment']",230,43.3274086,-8.363390299999999,43.32863142989272,-8.362453320107278,43.32593177010728,-8.365152979892722,8JGP+XJ Perillo,8CMH8JGP+XJ,True,"[{'height': 541, 'html_attributions': ['<a href=""https://maps.google.com/maps/contrib/116957766992446793247"">Tumosa</a>'], 'photo_reference': 'ATtYBwLpehzRgYsZQccwdtypwxBaclJMt8hC_goF_OUjgaUcNf9lFkoQYUEJv_Bhr7q7FGSCJqp2v8_irCugguW74ADimQQ2Mvhv-sPUe9y53u-8vY22af1TmGv3Z6HCYsbvxlcjAZqHNxAxoiHLjiLjsPFwXSp31eL9bHiNayeRzrrf2EWB', 'width': 960}]"
OPERATIONAL,"Praza Da Estacion, 32001 Ourense, Province of Ourense",https://maps.gstatic.com/mapfiles/place_api/icons/v1/png_71/train-71.png,Ourense,ChIJ_x7WuVL5Lw0RlpRcuxJI0FM,3.7,ChIJ_x7WuVL5Lw0RlpRcuxJI0FM,"['train_station', 'transit_station', 'point_of_interest', 'establishment']",108,42.3503961,-7.8728186,42.35152347989273,-7.871538220107278,42.34882382010728,-7.874237879892722,942G+5V Orense,8CJJ942G+5V,,"[{'height': 3456, 'html_attributions': ['<a href=""https://maps.google.com/maps/contrib/105207446980294156295"">Juan Carlos Molina</a>'], 'photo_reference': 'ATtYBwLu-yBGn75BwVTg6kGXmunC2Unmx2tDn34PyCTzV6z2LOLzJTk38k3pNJmNZjDHue47ufOebb1VNnFV8cXlTnMAPB1CwN6uXCAWZQXW2YhrygNF95Ki7LdC-cO5XptJlc4eI0RTkJQxQRW5Ha5L_sHactKaLwlscSMg996pRysbDJvc', 'width': 4608}]"
OPERATIONAL,"Avenida das Mariñas, 287, 15179 Oleiros, A Coruña",https://maps.gstatic.com/mapfiles/place_api/icons/v1/png_71/shopping-71.png,Concesionario Oficial ŠKODA | GADASA | A Coruña,ChIJdW29xJFlLg0RxV0QHSjbWbs,4.6,ChIJdW29xJFlLg0RxV0QHSjbWbs,"['car_dealer', 'car_repair', 'point_of_interest', 'store', 'establishment']",35,43.3279374,-8.3650583,43.32931752989272,-8.36365392010728,43.32661787010727,-8.366353579892724,8JHM+5X Oleiros,8CMH8JHM+5X,True,"[{'height': 3024, 'html_attributions': ['<a href=""https://maps.google.com/maps/contrib/116231166849516941559"">A Google User</a>'], 'photo_reference': 'ATtYBwLym9-lMldBylaTZnRoGjovyVZNRYByiwID9WggXUM8Z9Xj-67oZxV0lGUIskXo20h77EPxATrlc8fdKKo43UtsTgZ0_wj6OJ2tavk53T6Ors-VFQGFOIAsf7FR9XHgEhsUlH8VAh8Na74XU-QuaW1zNKxl37zONtWP9zgaVcBXQwHG', 'width': 4032}]"
OPERATIONAL,"32540 La Gudiña, Ourense",https://maps.gstatic.com/mapfiles/place_api/icons/v1/png_71/train-71.png,A Gudiña,ChIJcXOwvFOKOg0RBlZulfNC-tI,3.3,ChIJcXOwvFOKOg0RBlZulfNC-tI,"['train_station', 'transit_station', 'point_of_interest', 'establishment']",12,42.060644,-7.132531999999999,42.06179052989271,-7.131260770107278,42.05909087010727,-7.133960429892721,3V68+7X La Gudiña,8CJJ3V68+7X,,"[{'height': 2268, 'html_attributions': ['<a href=""https://maps.google.com/maps/contrib/102215414012616045834"">Jorge Ferro</a>'], 'photo_reference': 'ATtYBwJhGQBEjM6Az57CFlc50CDMRGBrRfLLEJTsOcWbiq6f40yeDN68ahdWZyscdBjXQKJ8q5VWS6VLu4IVRbFydwFb3ww5q5BvfUJ1BdG80bJKeH712t4DrSrDNIs4_uCfYa4Vn3Mg1BkCw3y6hopajeRN1BfmDDgi8tOnKHDLK2Oumgt_', 'width': 4032}]"
OPERATIONAL,"27400 Monforte de Lemos, Lugo",https://maps.gstatic.com/mapfiles/place_api/icons/v1/png_71/train-71.png,Monforte de Lemos,ChIJ4SxqOu0TMA0Reavw5Z1FT9Y,4.1,ChIJ4SxqOu0TMA0Reavw5Z1FT9Y,"['train_station', 'transit_station', 'point_of_interest', 'establishment']",41,42.5295911,-7.5034855,42.53095602989272,-7.502230720107279,42.52825637010727,-7.504930379892722,GFHW+RJ Monforte de Lemos,8CJJGFHW+RJ,,"[{'height': 2268, 'html_attributions': ['<a href=""https://maps.google.com/maps/contrib/105535810461240688411"">Jose Ramon Cuesta Fernandez</a>'], 'photo_reference': 'ATtYBwKpUywajx8EIgzt6gLp3d96vZT4jRebmv2zc7yEvBtNmHHOPpTHTvpSQdCohaOL69iAVRJQMCCzOreEYcQKzmZ5MfaMTCMBcNZFjzhp91wq94KZdy-AHBHb855sFUIelsj7JeO3HvaiFMYol9k6dNMKAFmp4MljLuuCB47cXRChmWn-', 'width': 4032}]"
OPERATIONAL,"Rúa de Santiago del Estero, 75, A, 15702 Santiago de Compostela, C",https://maps.gstatic.com/mapfiles/place_api/icons/v1/png_71/train-71.png,Santiago-Turistico,ChIJZ2KSpT7-Lg0ROmSoNr42Z3Q,3.6,ChIJZ2KSpT7-Lg0ROmSoNr42Z3Q,"['train_station', 'transit_station', 'point_of_interest', 'establishment']",346,42.8707911,-8.544719599999999,42.87350789999999,-8.539031150000001,42.8698855,-8.54731015,VFC4+84 Santiago de Compostela,8CJHVFC4+84,,"[{'height': 3024, 'html_attributions': ['<a href=""https://maps.google.com/maps/contrib/110389960409509343264"">Nikolai Amundsen</a>'], 'photo_reference': 'ATtYBwK0L-gxeSjSWkS66QJN2LYhQVMubVeL763_2UJ0Snr70CyyHDZJEZZIp-WywRabZeQULndbnRbYc3KcGzSu1LegxbKVcFvZjaAuX3GDjZ3cENTmWY4TrJ8ORnKaOhUZoy8URT-3x_jh7-3BC8pyL5k4a1h4DoH7g5jhQ4-KyV7yJilX', 'width': 4032}]"
OPERATIONAL,"Avenida O Vintecinco De Xullo, S/N, 32500 O Carballiño, Ourense",https://maps.gstatic.com/mapfiles/place_api/icons/v1/png_71/generic_business-71.png,Estacíon de O Carballiño Adif,ChIJH9sqLo3tLw0RhWBzylnlq1A,3.9,ChIJH9sqLo3tLw0RhWBzylnlq1A,"['point_of_interest', 'establishment']",31,42.43144059999999,-8.068795,42.43268267989271,-8.067530170107279,42.42998302010727,-8.070229829892723,CWJJ+HF Carballino,8CJHCWJJ+HF,,"[{'height': 2268, 'html_attributions': ['<a href=""https://maps.google.com/maps/contrib/103229888441507833770"">A Google User</a>'], 'photo_reference': 'ATtYBwJTSVruSlQwkg9FnKkYjEM4WB_6UzwusMbkMK9-iyzGBp_4-IKlgm3VH3_S9E9A6LR4GJAicqXqFATNvJxuQfWtIqF3Kb_V5CT_ga1oLJMiQEOLjSaWXreXhLUMfXqDZp0BRhBwI9EmOClIAufaqxhNJC5pfC2wtabroP7fNx12wLc', 'width': 4032}]"
OPERATIONAL,"27869 Vivero, Lugo",https://maps.gstatic.com/mapfiles/place_api/icons/v1/png_71/train-71.png,Viveiro,ChIJyRfA49kaMg0RS87ljCktSu0,4.7,ChIJyRfA49kaMg0RS87ljCktSu0,"['train_station', 'transit_station', 'point_of_interest', 'establishment']",30,43.6569018,-7.600327699999999,43.65819497989273,-7.598987770107279,43.65549532010728,-7.601687429892722,M94X+QV Vivero,8CMJM94X+QV,,"[{'height': 1218, 'html_attributions': ['<a href=""https://maps.google.com/maps/contrib/112046141419178810503"">Julio Rojo Eyaralar</a>'], 'photo_reference': 'ATtYBwJJ57Y6TdzxGXeyatZEsMgRYy00wh6PGiZQyDqoZ_c3X_wTl2Ho9aNhu9OyIZofiRRcwR0MmDfN-M5V8U29gzUKOHvdJT9r4szmgZJhKat1gLxmrhkp4TdtD-YTmQ0BpbzCnQOowvO5y_oWt_1TODiINCr3xf2moYT9CJ55WLnheazr', 'width': 2048}]"
OPERATIONAL,"Carretera N-550, 0 Pk 73 Polígono Ind La Picaraña, 15980 Esclavitud, C",https://maps.gstatic.com/mapfiles/place_api/icons/v1/png_71/gas_station-71.png,Estación De Servicio Galp,ChIJq6qqqjoDLw0R-aXqDRr2MKg,3.7,ChIJq6qqqjoDLw0R-aXqDRr2MKg,"['gas_station', 'point_of_interest', 'establishment']",3,42.79943799999999,-8.6490584,42.80012299999999,-8.64814797010728,42.797383,-8.650847629892723,,,,
OPERATIONAL,"27440 Canaval, Lugo",https://maps.gstatic.com/mapfiles/place_api/icons/v1/png_71/train-71.png,Canabal,ChIJXz8NTkIQMA0RPwYE5KCx3Yw,3.3,ChIJXz8NTkIQMA0RPwYE5KCx3Yw,"['train_station', 'transit_station', 'point_of_interest', 'establishment']",6,42.482882,-7.587733000000001,42.48430007989273,-7.586422320107279,42.48160042010728,-7.589121979892723,FCM6+5W Canaval,8CJJFCM6+5W,,"[{'height': 4160, 'html_attributions': ['<a href=""https://maps.google.com/maps/contrib/117161953544802218997"">A Google User</a>'], 'photo_reference': 'ATtYBwJWP8IVqtU-3-6ifJRWCzdwA4FeIep9ycjU36InqOx8uubFce2XkW2i689OVRSnw1KHRwhx_j69QwUIKCVGOGyPEN02SNIrS3GWg5KWLwLoSJimqOHQnC-icXkAxz3QMytpi79cTdhKUkt8chF4O9EjhgAox6P4KOGd23UDCHVpssiK', 'width': 3120}]"
OPERATIONAL,"Av. Buenos Aires, S.N, 36500 DE, PO",https://maps.gstatic.com/mapfiles/place_api/icons/v1/png_71/gas_station-71.png,Estación de Servicio Repsol,ChIJ4advVzXHLw0RcG_sDZRu7HQ,4.2,ChIJ4advVzXHLw0RcG_sDZRu7HQ,"['gas_station', 'car_wash', 'point_of_interest', 'establishment']",5,42.6550326,-8.111703,42.65640702989273,-8.110459370107279,42.65370737010728,-8.113159029892723,MV4Q+28 Lalín,8CJHMV4Q+28,True,"[{'height': 608, 'html_attributions': ['<a href=""https://maps.google.com/maps/contrib/108582925476706293110"">A Google User</a>'], 'photo_reference': 'ATtYBwIligKqTPvoCOOP-gZAWrg_5fNovcGi5towzxU-9310evPvkbCQPztpAGdN_C_HeqY18PL03qt8nZJq7NuEmIDFmRVzDK3l8uLU321SigkR2_mF1dzwZtDXK2RtykgNxE4NaUnr575F-Ao8F5sSfjiXvm44mbhMMwXkujJnWESr47R5', 'width': 1080}]"
OPERATIONAL,"Avda. Orillamar, 173, 36208 Vigo, PO",https://maps.gstatic.com/mapfiles/place_api/icons/v1/png_71/gas_station-71.png,Estación de servicio Cepsa,ChIJpTLJ6GhiLw0Ra_rPldRTb2A,4.1,ChIJpTLJ6GhiLw0Ra_rPldRTb2A,"['gas_station', 'point_of_interest', 'establishment']",142,42.22528399999999,-8.745676,42.22660332989272,-8.744310470107278,42.22390367010728,-8.747010129892722,67G3+4P Vigo,8CJH67G3+4P,True,"[{'height': 1870, 'html_attributions': ['<a href=""https://maps.google.com/maps/contrib/113520168559168069249"">Jorge Salgado González</a>'], 'photo_reference': 'ATtYBwJUkijD13_jqS9TnAs8HxfIRw3gPcMiLcv6KMPWadLhOoQBPtO8df6JtZ5afHEsKEDfGOdwN-Vvd22hHWaq2Fn998o4hWSXM6BfFbTPGPuhSZkDG-tpcJR3eDVH414M3xS06aa3wClRC9EHsrfaFbcU_0YELQD-5uu8MJxqMBaHY0Ez', 'width': 3794}]"
OPERATIONAL,"N-525, 291,3 IZ, 36500 Lalín, Pontevedra",https://maps.gstatic.com/mapfiles/place_api/icons/v1/png_71/gas_station-71.png,Estación de Servicio Repsol,ChIJGblYPkXHLw0RW4uRcKOKbTk,4.1,ChIJGblYPkXHLw0RW4uRcKOKbTk,"['gas_station', 'car_wash', 'point_of_interest', 'establishment']",227,42.6650182,-8.1215716,42.66639577989272,-8.120310220107278,42.66369612010728,-8.123009879892722,MV8H+29 Lalín,8CJHMV8H+29,True,"[{'height': 608, 'html_attributions': ['<a href=""https://maps.google.com/maps/contrib/100838070683132452531"">A Google User</a>'], 'photo_reference': 'ATtYBwKyAp-8Wx8kG6ZdyBwxgfNXuY7QruY2e6bxuqV4D_wFbR8GMlSqcxjTYt1Nxw8nOn4ZzRTnysMLWRbR7BrCy7x00a4OCDmb65wgsY7sNflEg90snqhWf8W6go6ZuNSxquU8w8w745hdR3QZwCAqrXXDUilW49PkjhW9O9JEalwfhDZv', 'width': 1080}]"
OPERATIONAL,"Av. de Portugal, S.N, 36700 Tui, PO",https://maps.gstatic.com/mapfiles/place_api/icons/v1/png_71/gas_station-71.png,Estación de Servicio Repsol,ChIJjSd-7ZCaJQ0R_8oqrNMoPqs,4.2,ChIJjSd-7ZCaJQ0R_8oqrNMoPqs,"['gas_station', 'car_wash', 'point_of_interest', 'establishment']",712,42.0414254,-8.6475254,42.04279272989272,-8.646294520107277,42.04009307010728,-8.648994179892721,29R2+HX Tuy,8CJH29R2+HX,True,"[{'height': 608, 'html_attributions': ['<a href=""https://maps.google.com/maps/contrib/104185171809060430131"">A Google User</a>'], 'photo_reference': 'ATtYBwJkO9OV4-7lcPkB8AlyAxsz3ZBPIJX76t50JQlNC9A4lb-p8VBMBGaSyxoKyO1NSrzUCFqbHnxAjrJc1ZtuUNHOadp5R-x4vGuf1AmDhUM3wj5VkSSlahk3avthJjBkQEB22ghArLw22KzmC7-FnVgBPaValkVK3oxg9ds2V8dQ6wsW', 'width': 1080}]"
OPERATIONAL,"Avenida do Concello, S.N, I, 36520 Agolada, Pontevedra",https://maps.gstatic.com/mapfiles/place_api/icons/v1/png_71/gas_station-71.png,Estación de Servicio Repsol,ChIJd1D-dRbPLw0Rg1ojeCId94Y,4.0,ChIJd1D-dRbPLw0Rg1ojeCId94Y,"['gas_station', 'car_wash', 'point_of_interest', 'establishment']",45,42.7626014,-8.0245205,42.76388342989272,-8.023145670107278,42.76118377010728,-8.025845329892721,QX7G+25 Golada,8CJHQX7G+25,True,"[{'height': 2448, 'html_attributions': ['<a href=""https://maps.google.com/maps/contrib/104666458963293027853"">A Google User</a>'], 'photo_reference': 'ATtYBwIqFqwbSWCUI5dE635UteRctIW-MolQtl9xp8mN0nonExRCOMHA8rvo1xZLcrmviDVARI0mV0vtMHpX_JgL59oMbhhKi4ueMuDuSnsX1SUglEfezW1OxrSsk-f03y6cDz6tou3A1vacYAgqcgklKckWYuqL3hlF0c2zqPytH_eMAakD', 'width': 3264}]"
OPERATIONAL,"N-120, km 660, 3, 36416 Pontevedra",https://maps.gstatic.com/mapfiles/place_api/icons/v1/png_71/gas_station-71.png,Estación de servicio Cepsa,ChIJ0RxzWNCHJQ0Rfh-tBr9bo70,3.9,ChIJ0RxzWNCHJQ0Rfh-tBr9bo70,"['gas_station', 'point_of_interest', 'establishment']",62,42.19335419999999,-8.6517657,42.19477487989272,-8.65042942010728,42.19207522010727,-8.653129079892723,58VX+87 Pedraúcha,8CJH58VX+87,True,"[{'height': 750, 'html_attributions': ['<a href=""https://maps.google.com/maps/contrib/102472253544952372170"">A Google User</a>'], 'photo_reference': 'ATtYBwJmJv7RCD6qsfaYz0_bb0obi0_hgwqgtYDQKFh0dI5S0ItnUjj8nTk4IDsKIld6fKt3lE6WfjZMIQUqvtaAhNm_MX0B6FoC4lekYKcyPC6rdTwU749vRuKDgAjtu3TXtoXVBF2Guzknzs1Q15JKNoA6o7xGcLUR3R5jnMjVtrJeK4fL', 'width': 750}]"
OPERATIONAL,"Av. Peirao Besada, 6, 36163 Poio, PO",https://maps.gstatic.com/mapfiles/place_api/icons/v1/png_71/generic_business-71.png,NACEX,ChIJ3yJMMQJyLw0Rp_2VT33kFw4,2.4,ChIJ3yJMMQJyLw0Rp_2VT33kFw4,"['moving_company', 'point_of_interest', 'establishment']",67,42.4309238,-8.6634054,42.43226937989272,-8.661989970107276,42.42956972010727,-8.66468962989272,C8JP+9J Poyo,8CJHC8JP+9J,True,"[{'height': 270, 'html_attributions': ['<a href=""https://maps.google.com/maps/contrib/103713969089095735986"">NACEX</a>'], 'photo_reference': 'ATtYBwKpcFaFVYAmn_O5e8vskD7wL4KiZpL3nRet3J5SPBFtK3qvMYWO3OOQgKF-jGFmOuyAUek9GYVpWx4MC-jfUGdYcj2fWwTaw_ZVSBYRFQsp_b3CCRTnl6_LikEgEgd-LNaGPhAbQ9CJmin9EphNtvfk3sJEGTFhdIOsqh-LgdxifINa', 'width': 480}]"
OPERATIONAL,"Paseo de la Castellana, 162, 28046 Madrid",https://maps.gstatic.com/mapfiles/place_api/icons/v1/png_71/generic_business-71.png,Estación de carga de vehículos eléctricos,ChIJzVd7ehwpQg0Rp9PY2SS3-og,3.4,ChIJzVd7ehwpQg0Rp9PY2SS3-og,"['point_of_interest', 'establishment']",16,40.45839,-3.6896475,40.45974172989273,-3.688230520107278,40.45704207010728,-3.690930179892722,F856+94 Madrid,8CGRF856+94,True,"[{'height': 3456, 'html_attributions': ['<a href=""https://maps.google.com/maps/contrib/116309114447328662735"">A Google User</a>'], 'photo_reference': 'ATtYBwJ1MDx-d2lnsBf_IHGvMIYo95YxtirgHu7c1MC61ecyECg29aKwcqXkqJg0juoM4fckB0M-xevA7y0g33S2MLzY20agxBEr1bn41Dn0hZlC-V8dqhBsFm5OLfIiUyOTtWmiUhxcikayX-bbU0s5qRXMIf0CCLwlKRntVmYDvj2H3FyS', 'width': 4608}]"
OPERATIONAL,"Travesía Coruña, 2, 36208 Vigo, PO",https://maps.gstatic.com/mapfiles/place_api/icons/v1/png_71/generic_business-71.png,Cepsa Comercial Galicia,ChIJuQ59zQhiLw0RwWyMJfBPDOk,1.8,ChIJuQ59zQhiLw0RwWyMJfBPDOk,"['point_of_interest', 'establishment']",4,42.2229341,-8.7350177,42.22425667989272,-8.733645420107278,42.22155702010728,-8.736345079892722,67F7+5X Vigo,8CJH67F7+5X,False,
OPERATIONAL,"Calle, Av. do Alcalde de Lavadores, 64, 36214 Vigo, PO",https://maps.gstatic.com/mapfiles/place_api/icons/v1/png_71/gas_station-71.png,Estación de servicio Cepsa,ChIJoxgScYJiLw0Rgc3UmJjA1KI,1.0,ChIJoxgScYJiLw0Rgc3UmJjA1KI,"['gas_station', 'point_of_interest', 'establishment']",2,42.2214685,-8.696746000000001,42.22282637989272,-8.695353370107279,42.22012672010727,-8.698053029892723,68C3+H8 Vigo,8CJH68C3+H8,True,"[{'height': 750, 'html_attributions': ['<a href=""https://maps.google.com/maps/contrib/115426061974214558230"">A Google User</a>'], 'photo_reference': 'ATtYBwIwbi0WgpQFTUnZZn5dkW8lVM_jnLfbV3HSC88jhB4XjC7aB49fbX6vo2IUyLnPAsevTQbC85EZJsuF1Xb_4WWNBTFvqWgAHliZZ9SzCS35bfA0vG054dHow4DH4Et6U2MuNFxO39LonWBGlcfSf0GAuf8A-NdbnoPEGO1aQtj0452w', 'width': 750}]"
OPERATIONAL,"Polígono Comercial Barreiros, Calle Vial G, 7, 32911 Ourense",https://maps.gstatic.com/mapfiles/place_api/icons/v1/png_71/generic_business-71.png,NACEX,ChIJe9h1Y_VVJQ0RmNgqcgtXoFE,3.0,ChIJe9h1Y_VVJQ0RmNgqcgtXoFE,"['moving_company', 'point_of_interest', 'establishment']",37,42.2826654,-7.8562086,42.28395102989272,-7.854922870107276,42.28125137010728,-7.85762252989272,74MV+3G Orense,8CJJ74MV+3G,True,"[{'height': 270, 'html_attributions': ['<a href=""https://maps.google.com/maps/contrib/112546396995368411700"">NACEX</a>'], 'photo_reference': 'ATtYBwL6ScVq-3GDCI1v1Q1eju20lMfXC_QrrSndZHT4at4crgLD_mvS0wnaLi-yNo5ZnIOAeIqbz8W529AbTUT67_j14r8cKWEGbE10o9zEPSPefUJfV5I8Ir3tO_7P4b7uIWdD9sz1R1t1c4RktXXr4qd4cOZhdLbV6FzKmOgkdrDRVATS', 'width': 480}]"
OPERATIONAL,"Póligono del Tambre Calle D no23, 15890 Santiago de Compostela, A Coruña",https://maps.gstatic.com/mapfiles/place_api/icons/v1/png_71/generic_business-71.png,NACEX,ChIJHT9laB7_Lg0ReEiBdeQGebA,2.4,ChIJHT9laB7_Lg0ReEiBdeQGebA,"['moving_company', 'point_of_interest', 'establishment']",101,42.9124896,-8.506754599999999,42.91387132989273,-8.505440820107278,42.91117167010728,-8.508140479892722,WF6V+X7 Santiago de Compostela,8CJHWF6V+X7,True,"[{'height': 270, 'html_attributions': ['<a href=""https://maps.google.com/maps/contrib/115963998389298441898"">Nacex</a>'], 'photo_reference': 'ATtYBwKMILp5-1JJFuPNvz8xLaTShYHO0c2Oh_WNHMpVaXvZuca-F4RIV2DDcrioN2SHiRNwTivEP8zdxuPfY6-vlIR2Rd7myKfANlSri_G61iAIYdcnX5KF2d0Cs3owJzHDyFPs-iV7qPVpYo1HmPzN13u7ZnGRAmJRZKfzxlw9tsI4QKo_', 'width': 480}]"
OPERATIONAL,"Pol. Ind. Ceao, Rúa da Industria, 41, 27003 Lugo",https://maps.gstatic.com/mapfiles/place_api/icons/v1/png_71/generic_business-71.png,NACEX,ChIJVSqCr6nPMQ0RcfCv_4LflW0,4.0,ChIJVSqCr6nPMQ0RcfCv_4LflW0,"['moving_company', 'point_of_interest', 'establishment']",67,43.0475206,-7.571501399999999,43.04880287989272,-7.570170520107277,43.04610322010728,-7.572870179892721,2CXH+29 Lugo,8CMJ2CXH+29,True,"[{'height': 270, 'html_attributions': ['<a href=""https://maps.google.com/maps/contrib/105342169647113678167"">NACEX</a>'], 'photo_reference': 'ATtYBwKzVbqgNzbEP929poVsP_s4GkkiEV1iXZb1s3HxN39f1nBrkC4HKMoJNuHoFmEkfScLKb6woV0NqU6U0YpBA4rSR7K06A2JXvogJY9GqYl_SbA94tOQrGowN7ZwhwQGqC1w8zF8lMdbVD0R81oM0zcPj5DIh9p5-N2Cgt6PeTvvtvbb', 'width': 480}]"
OPERATIONAL,"Rúa Carretera de Castilla, 132, 142, 15570 Narón, C",https://maps.gstatic.com/mapfiles/place_api/icons/v1/png_71/gas_station-71.png,Estación de servicio Cepsa,ChIJlz4KQWDfLQ0RYoVni-qSDa0,0.0,ChIJlz4KQWDfLQ0RYoVni-qSDa0,"['gas_station', 'point_of_interest', 'establishment']",0,43.4983362,-8.1978838,43.49965822989272,-8.196513520107278,43.49695857010727,-8.199213179892721,FRX2+8R Narón,8CMHFRX2+8R,True,"[{'height': 750, 'html_attributions': ['<a href=""https://maps.google.com/maps/contrib/109260273235829456423"">A Google User</a>'], 'photo_reference': 'ATtYBwLvBbO2mVqjF0cMBst-Isk8kpRweUBIE1t6JWkzV85odmcbVXbTVvgEURm0kTBKI5L-JT0VdOuAH_RRsWPaM_1_X1gU7-KKMeZLMfPBAa75dUq_Q_8XG1IXrubHOtjv-VtnFJneXViOwHOtg2j66NicPUQYKLp7Y8eBabBFWA5KcAs5', 'width': 750}]"
OPERATIONAL,"Pr. Pontevedra, 2, 15003 A Coruña",https://maps.gstatic.com/mapfiles/place_api/icons/v1/png_71/generic_business-71.png,Bicicoruña plaza Pontevedra,ChIJ84Uct2J8Lg0R2-XBloS3W3U,3.2,ChIJ84Uct2J8Lg0R2-XBloS3W3U,"['point_of_interest', 'establishment']",5,43.3679263,-8.4067448,43.36924357989271,-8.405377470107279,43.36654392010727,-8.408077129892723,9H9V+58 La Coruña,8CMH9H9V+58,,
OPERATIONAL,"Rúa de Severino Cobas, 49, 36214 Vigo, Pontevedra",https://maps.gstatic.com/mapfiles/place_api/icons/v1/png_71/generic_business-71.png,NACEX,ChIJgWELz4tiLw0R3FQDUXrn9UM,2.1,ChIJgWELz4tiLw0R3FQDUXrn9UM,"['moving_company', 'point_of_interest', 'establishment']",253,42.2256405,-8.691886,42.22692182989271,-8.690532620107279,42.22422217010727,-8.693232279892722,68G5+76 Vigo,8CJH68G5+76,True,"[{'height': 270, 'html_attributions': ['<a href=""https://maps.google.com/maps/contrib/101942530928005690873"">Nacex</a>'], 'photo_reference': 'ATtYBwIKIIDaMDmCh_H8LwDX3lg-GsOonVZiN6-r4nQonhTqsl4yH_YlJnx4Hr9iYP8g6z1OcMDk-dxk5xc-Ml82qQ6Q6uJzfHsEYLPIahNa8BqnFUnOQAEYz7a4xl-7TvCTNiBXO-OUJPvDVVPGuYMn594LlL5K6O3hto8fDgdY5o4DSh1x', 'width': 480}]"
OPERATIONAL,"Av. de los Hermanos Machado, 137, 46025 Valencia",https://maps.gstatic.com/mapfiles/place_api/icons/v1/png_71/generic_business-71.png,Lugenergy Estación de carga,ChIJQe4HfUxPYA0RceNWjkOE2lU,5.0,ChIJQe4HfUxPYA0RceNWjkOE2lU,"['point_of_interest', 'establishment']",234,39.4978749,-0.3826875,39.49925057989272,-0.3812599701072777,39.49655092010727,-0.3839596298927222,FJX8+4W Valencia,8CFXFJX8+4W,False,"[{'height': 1600, 'html_attributions': ['<a href=""https://maps.google.com/maps/contrib/103463948704173580992"">LugEnergy</a>'], 'photo_reference': 'ATtYBwKXqAZ9NA242LjuV1IJlHl7EHnos_9mniK_GkHyrQFZwxLoO61Iz5bp0-J18P7TwEcJ4t8A3oTxDkCtWORXpIYnb_JLMoDijTe56rqI-jbeWC0QbzmMq5T1P3m6ITSW0eEGJfCTfj6qdhTambVjKUQyQYyZrl-x4r4FiOKOnvUvtvQT', 'width': 1200}]"
OPERATIONAL,"Av. de Madrid, 66, 36204 Vigo, PO",https://maps.gstatic.com/mapfiles/place_api/icons/v1/png_71/gas_station-71.png,Gasolinera REPSOL Gasvive,ChIJE28sZXliLw0RX21-mqLTzQo,4.1,ChIJE28sZXliLw0RX21-mqLTzQo,"['gas_station', 'point_of_interest', 'establishment']",133,42.2243343,-8.7116291,42.22576917989272,-8.710199620107279,42.22306952010727,-8.712899279892723,67FQ+P8 Vigo,8CJH67FQ+P8,True,"[{'height': 660, 'html_attributions': ['<a href=""https://maps.google.com/maps/contrib/104774283585909810761"">Iván Kata</a>'], 'photo_reference': 'ATtYBwLuuUcT8k4DsgpXsT19Lz4fBYZ57X8sKUZUtJ99It9ALfLDSsftKbcVsur8Vkh0KeYeG3MrCe05GiOD32NcfrcafT4x5Ma5ysWmmvL-9HZoSIK1rfJQk-tJOfjNpZE6xqOqVK3p-bgWZlq4t_HX4jhFK2-ufzKnd-wzpq4MDMTAD3PW', 'width': 900}]"
OPERATIONAL,"Calle Obispo Nicolás Castellanos, 1, Entreplanta C Izquierda, 34001 Palencia",https://maps.gstatic.com/mapfiles/place_api/icons/v1/png_71/generic_business-71.png,Easycharger Estación de carga,ChIJlZZ8QDKwRw0RfDGIdvsFOnU,5.0,ChIJlZZ8QDKwRw0RfDGIdvsFOnU,"['point_of_interest', 'establishment']",1,42.0132388,-4.5337654,42.01455127989272,-4.532381220107277,42.01185162010727,-4.535080879892721,2F78+7F Palencia,8CJQ2F78+7F,False,"[{'height': 4000, 'html_attributions': ['<a href=""https://maps.google.com/maps/contrib/109190797629656200342"">PuroCloud</a>'], 'photo_reference': 'ATtYBwK1e7kqcWo5D2lAr7apblhI9jRyKAbWqzSPwJGYoJYv-iLEYeBNlZv0iBFTlqITvHyKle5V9mbPu5qIdOLO0RhVLIeVorYS99-xDsv1UxKvjKBUfI8m4ogBtli-7UBiainHGnoAV3ueH3kafmmoQYtvF4VaWtpXsyanfM_lSzTarwId', 'width': 6000}]"
