provincia,municipio,localidad,codigo_po,direccion,margen,longitud,latitud,rotulo,tipo_venta,rem_,horario
ALMERIA,ANTAS,ANTAS,4628,AUTOVIA MURCIA-ALMERIA SALIDA 537 KM. 537,D,-1.934556,37.285833,BP,P,dm,L-D: 24H
ALMERIA,ALMERIA,ALMERIA,4009,"CALLE COBRE, 26",I,-2.431333,36.85325,SI,P,dm,L-D: 07:00-21:30
ALMERIA,EJIDO (EL),SANTA MARIA DEL AGUILA,4710,CARRETERA IRYDA POLIG. IND. LA REDONDA KM. S/N,D,-2.748806,36.780444,PARKING LA REDONDA,P,dm,L-D: 24H
ALMERIA,ALBOX,ALBOX,4800,"CARRETERA LORCA- BAZA, PARAJE LOS CHORLITOS, PARC. 426, POL. 41 KM. 426",D,-2.133194,37.378139,RASPA-OIL (SERV. ATENDIDO),P,dm,L-D: 06:00-22:00
ASTURIAS,MIERES,SANTULLANO,33611,"COMPLEJO CENTRO COMERCIAL CAUDALIA, S/N",N,-5.781944,43.227722,CARREFOUR,P,dm,L-D: 24H
ASTURIAS,AVILES,LLARANES,33460,"AVENIDA GIJON, 70",I,-5.911444,43.551556,REPSOL,P,OM,L-D: 06:00-23:00
ASTURIAS,CANGAS DE ONIS,CANGAS DE ONIS,33550,"CARRETERA AS-114 KM. 1,100",I,-5.1249720000000005,43.354111,ESC-PETROLEOS,P,dm,L-D: 06:00-23:00
ASTURIAS,CANGAS DEL NARCEA,CANGAS DEL NARCEA,33800,"AVENIDA ALEJANDRO CASONA, 35",N,-6.545111,43.183417,"FLOREZ COSMEN, S.L.",P,dm,L-D: 24H
ASTURIAS,GIJON,GIJON,33211,"AVENIDA DE LOS CAMPONES, 13",N,-5.691222,43.533833,SHELL,P,dm,L-D: 07:00-23:00
ASTURIAS,CASTROPOL,FIGUERAS,33794,"CALLE LAGUNA DE LA, 1",I,-7.019639,43.540361,SOLRAS,P,dm,L: 07:00-23:00
ASTURIAS,NAVIA,NAVIA,33710,"AVENIDA DE LOS EMIGRANTES, 34",I,-6.724611,43.536417,PETRONOR,P,OM,L-D: 07:00-23:00
ASTURIAS,COLUNGA,COLUNGA,33320,"AUTOVIA A8 km 347,5",D,-5.283194,43.4825,CEPSA,P,OM,L-D: 24H
ASTURIAS,CUDILLERO,CUDILLERO,33150,CARRETERA NACIONAL 632 KM 123.700 KM.,N,-6.166056,43.55452800000001,AVIA,P,dm,L-D: 06:30-22:30
ASTURIAS,GRADO,GRADO,33820,"CARRETERA NACIONAL 634 KM. 431,3",D,-6.063667,43.393417,CEPSA,P,dm,L-D: 07:00-23:00
ASTURIAS,SIERO,SIERO,33429,"CARRETERA VIELLA KM. 0,250",I,-5.784056,43.38275,BP SIERO,P,dm,L-D: 24H
ASTURIAS,LAVIANA,POLA DE LAVIANA,33980,"POLIGONO EL SUTU, S/N",D,-5.568944,43.249194,CEPSA,P,dm,L-D: 06:30-23:30
ASTURIAS,LLANES,POSADA,33594,CARRETERA AS-263 KM. 19,N,-4.86225,43.426417,MEROIL,P,dm,L-D: 07:00-23:00
ASTURIAS,NAVA,NAVA,33520,"CARRETERA N-634 KM. 379,7",I,-5.546583,43.373056,GALP,P,OM,L-D: 07:00-23:00
ASTURIAS,PRAVIA,PRAVIA,33120,"CALLE LA FONTANA, S/N",D,-6.106194,43.488472,CEPSA,P,dm,L-D: 07:00-23:00
CANTABRIA,VAL DE SAN VICENTE,PESUES,39548,CARRETERA E-70/N-634 KM. 279,I,-4.503889,43.375028,AVIA,P,dm,L-D: 24H
ASTURIAS,RIBADESELLA,RIBADESELLA,33560,"AVENIDA PALACIO VALDES, 42",N,-5.061389,43.455917,REPSOL,P,dm,L: 06:00-22:00
ASTURIAS,SALAS,SALAS,33860,"AVENIDA GALICIA, S/N",D,-6.2589169999999985,43.408667,GALP,P,OM,L-S: 08:00-21:00; D: 08:00-14:00
ASTURIAS,SALAS,CORNELLANA,33850,"CARRETERA NACIONAL 634 KM. 443,6",D,-6.157278,43.412778,REPSOL,P,dm,L-D: 06:30-22:30
BARCELONA,MONTCADA I REIXAC,CAN CUIAS,8110,"AUTOPISTA C- 33 KM. 82,5",N,2.191417,41.495222,GALP,P,OM,L-D: 24H
BARCELONA,PUIG-REIG,COLONIA VIDAL,8692,"POLIGONO CAL VIDAL PARCEL-LA, 18",D,1.877472,41.935694,BALLUS BAIXCOST,P,dm,L-D: 24H
BARCELONA,VIC,VIC,8500,"CALLE LLEIDA, 6",D,2.264417,41.946083,GMOIL,P,dm,L-D: 24H
BARCELONA,MANRESA,MANRESA,8240,"CALLE AGUSTI COLL, 18",D,1.849,41.724111,AVIA,P,dm,L-D: 24H
TARRAGONA,TORREDEMBARRA,TORREDEMBARRA,43830,CARRETERA DE LA RIERA KM. 20,N,1.393444,41.152056,GALP,P,OM,L-D: 24H
BARCELONA,CALAF,CALAF,8280,"POLIG. IND. LES GARRIGUES, 24, C. BON AREA",N,1.526815,41.733111,BONAREA,P,dm,L-D: 24H
BARCELONA,SANT SADURNI D'ANOIA,SANT SADURNI D'ANOIA,8770,"CARRETERA SAN QUINTIN KM. 9,2",D,1.7810560000000002,41.425611,REPSOL,P,dm,L-D: 24H
BARCELONA,SANTA MARIA DE CORCO,SANTA MARIA DE CORCO,8511,"CTRA. VIC A OLOT km 24,8",N,2.413333,42.041306,ZONA DIESEL,P,dm,L-D: 24H
BARCELONA,SURIA,SURIA,8260,"PASEO JONCARETS, 149",N,1.764833,41.835667,U. S. SURIA *ROVIRA*,P,dm,L-D: 24H
CADIZ,BARBATE,BARBATE,11160,"CARRETERA CA-393 VEJER-BARBATE KM. 95,7",N,-5.920917,36.199556,GALP,P,OM,L-D: 24H
CADIZ,BARRIOS (LOS),PALMONES,11379,"POLIGONO P.I.MARISMAS DE PALMONES C/ MAR CANTABRICO PARCELA IT 2.12, 2,12",D,-5.430028,36.184806,GACOSUR PALMONES,P,dm,L-D: 24H
ALICANTE,ORIHUELA,ARNEVA,3312,"CALLE EL PINAR, 9",N,-0.937139,38.055694,EL TANQUE,P,dm,L: 06:00-22:00
CADIZ,BENALUP-CASAS VIEJAS,BENALUP,11190,"POLIGONO P.I ZAHORI, 64",D,-5.820167,36.349833,E.S.BENALUP,P,dm,L-V: 06:00-22:30; S-D: 07:00-22:30
CADIZ,VILLAMARTIN,VILLAMARTIN,11650,"AVENIDA ARCOS, 55",D,-5.655056,36.855639,HEMEGAS,P,dm,L-D: 24H
CADIZ,SAN FERNANDO,SAN FERNANDO,11100,"AVDA. PUENTE ZUAZO, S/N (N-IVA km 677)",I,-6.189139,36.468639,CEPSA,P,OM,L-D: 24H
CADIZ,SANLUCAR DE BARRAMEDA,SANLUCAR DE BARRAMEDA,11540,"CALLE GENIL, 1",D,-6.361472,36.7645,BALLENOIL,P,dm,L-D: 24H
CADIZ,CONIL DE LA FRONTERA,CONIL DE LA FRONTERA,11140,"AVENIDA DE LA MUSICA, 8",D,-6.0840830000000015,36.284194,PETROLIA,P,dm,L-D: 24H
CADIZ,JEREZ DE LA FRONTERA,JEREZ DE LA FRONTERA,11405,"AVENIDA EUROPA, S/N",D,-6.113278,36.696917,CARREFOUR,P,dm,L-J: 06:00-01:00; V-S: 06:00-01:30; D: 08:30-01:00
CADIZ,JEREZ DE LA FRONTERA,BARCA DE LA FLORIDA (LA),11570,CARRETERA DE CORTES KM. 18,D,-5.934444,36.649556,REPSOL,P,OM,L-V: 07:00-22:00; S-D: 08:00-22:00
CADIZ,JEREZ DE LA FRONTERA,JEREZ DE LA FRONTERA,11570,"A-2003 km 25,5",D,-5.8575050000000015,36.628164,LIBRE,P,dm,L-D: 07:00-22:00
CADIZ,JIMENA DE LA FRONTERA,ANGELES (LOS),11330,"AVENIDA LOS DEPORTES, 67",N,-5.442361,36.430194,JIMENOIL,P,dm,L-D: 06:00-22:30
CADIZ,MEDINA-SIDONIA,MEDINA-SIDONIA,11170,"PLAZA DEL PUNTO, 000",I,-5.929278,36.460806,CEPSA,P,OM,L-D: 07:00-22:00
SEVILLA,PRUNA,PRUNA,41670,"CARRETERA PRUNA - OLVERA KM. 1,3",I,-5.229806,36.963611,CEPSA,P,dm,L: 07:00-23:00
CADIZ,PUERTO DE SANTA MARIA (EL),PUERTO DE SANTA MARIA (EL),11500,"CR N-IV, KM.  649.8",I,-6.216556,36.609,BP PUERTO STA. MARIA,P,dm,L-D: 24H
CADIZ,ROTA,ROTA,11520,"AVENIDA CENTENARIO DE LA AVIACION, 1",D,-6.370889,36.636056,BP ROTA,P,dm,L-D: 24H
MALAGA,ESTEPONA,ESTEPONA,29680,"SECTOR ARROYO ENMEDIO E4, 4",D,-5.202778,36.39325,BALLENOIL,P,dm,L-D: 24H
CADIZ,ALCALA DEL VALLE,ALCALA DEL VALLE,11693,"CR CA-455, 0,8",D,-5.163833,36.894722,CAMPSA,P,dm,L: 06:00-23:00
CADIZ,TARIFA,TARIFA,11380,"URBANIZACION LA MARINA, 614",N,-5.607861,36.026333,TARIFUEL,P,dm,L-D: 24H
CADIZ,TREBUJENA,TREBUJENA,11560,"AVENIDA DE SEVILLA, 45",D,-6.171722,36.871722,REPSOL,P,dm,L-D: 06:00-23:00
CADIZ,UBRIQUE,UBRIQUE,11600,"CARRETERA A373 KM. 24,5",D,-5.4503059999999985,36.664417,BP,P,dm,L-D: 06:30-22:30
CADIZ,VEJER DE LA FRONTERA,VEJER DE LA FRONTERA,11150,CARRETERA CARRETERA A-343 KM. 1,I,-5.9646940000000015,36.261139,CEPSA,P,dm,L-S: 08:00-23:00
CADIZ,VEJER DE LA FRONTERA,VEJER DE LA FRONTERA,11150,"CARRETERA E-5/N-340 KM. 30,277",N,-6.025333,36.25333300000001,GALP,P,dm,L-S: 07:00-21:00
CANTABRIA,MERUELO,SAN MAMES DE MERUELO,39192,"CR CA-147, 4,7",I,-3.562611,43.447306,REPSOL,P,OM,L-D: 06:30-22:30
CANTABRIA,CAMARGO,REVILLA,39600,"BARRIO LA CALVA, 16",D,-3.868667,43.404694,CEPSA,P,dm,L-D: 06:00-22:00
CANTABRIA,CABEZON DE LA SAL,CABEZON DE LA SAL,39500,"CALLE CORREOS, SN",I,-4.235,43.309389,REPSOL,P,OM,L-S: 07:00-22:00; D: 08:00-14:00
CANTABRIA,REINOSA,REINOSA,39200,"POLIGONO SEPES-LA VEGA, PARCELA 74-80, 74",N,-4.1313330000000015,42.995194,AVIA,P,dm,L: 24H
VIZCAYA,ERANDIO,ERANDIO-GOIKOA,48950,"CTRA.LUTXANA-ASUA, 36 km CENTRO COMERCIAL M",N,-2.952833,43.303333,SHELL,P,OM,L-S: 07:30-21:30; D: 09:30-15:00
ALAVA,ALEGRIA-DULANTZI,ALEGRIA-DULANTZI,1240,"CL MANISITU, 9",D,-2.509361,42.846028,"PREMIRA ENERGIA NORTE, S.L.",P,dm,L-D: 24H
CANTABRIA,CILLORIGO DE LIEBANA,OJEDO,39585,CN-621 km 150,N,-4.606194,43.167083,ESTACION DE SERVICIO LIEBANA S.L,P,dm,L-D: 07:00-22:00
CANTABRIA,LAREDO,LAREDO,39770,"CALLE RECONQUISTA DE SEVILLA, S/N",D,-3.41275,43.410722,REPSOL,P,OM,L-D: 07:00-23:00
CANTABRIA,CORVERA DE TORANZO,VILLEGAR,39699,"CR N-623, 116",I,-3.943222,43.218333,REPSOL,P,OM,L-D: 06:00-22:00
CANTABRIA,PIELAGOS,RENEDO,39470,"AVENIDA LUIS DE LA CONCHA, 63",N,-3.955306,43.355222,AVIA,P,dm,L-D: 05:30-00:00
CANTABRIA,RAMALES DE LA VICTORIA,RAMALES DE LA VICTORIA,39800,N-629 CERECEDA-COLINDRES km 67.8,I,-3.4619440000000004,43.251889,AVIA,P,dm,L-D: 06:00-23:00
CANTABRIA,RIBAMONTAN AL MAR,LOREDO,39160,"AVENIDA ZUNEDA, 7",D,-3.709,43.456333,E.S. TRINIDAD,P,dm,L-D: 07:00-23:00
CANTABRIA,VALDALIGA,VALDALIGA,39593,"AU  A-8 ,P.K. 256",D,-4.329278,43.333972,REPSOL,P,OM,L-D: 24H
CANTABRIA,VILLACARRIEDO,VILLACARRIEDO,39640,"BARRIO CHAROLA, SN",N,-3.824222,43.23777800000001,AGROCANTABRIA,P,dm,L-D: 24H
CASTELLON / CASTELLO,ALBOCASSER,ALBOCASSER,12140,"CARRER SANT JOAN, 132",D,0.019528,40.357667,COOPNOSTRA,P,dm,L-D: 24H
CASTELLON / CASTELLO,ALCALA DE XIVERT,ALCALA DE XIVERT,12570,"C/ BARON DE ALCAHALI, S/N",D,0.229361,40.309361,COOP. SAN ISIDRO DE ALCALA,P,dm,L-D: 24H
VALENCIA / VALENCIA,PUIG,PUIG,46450,AUTOVIA A7 KM 311 KM. 311,D,-0.343944,39.607444,AREA MAUROS,P,dm,L-D: 24H
CASTELLON / CASTELLO,SONEJA,SONEJA,12480,"CARRETERA TERUEL, S/N KM. 0",D,-0.430833,39.813056,COOP. Na Sa DE LA ASUNCION DE SONEJA,P,dm,L-D: 24H
CASTELLON / CASTELLO,VINAROS,VINAROS,12500,CARRETERA NACIONAL 340 A PLAN PARCIAL 1 KM. 1049,N,0.451944,40.455167,CARREFOUR,P,dm,L-D: 24H
CASTELLON / CASTELLO,CABANES,CABANES,12180,"AUTOVIA CV10 KM. 37,5",D,0.033306,40.140833,40 PIES,P,dm,L-D: 24H
ALAVA,AMURRIO,LARRINBE,1468,"POLIGONO ZANKUETA, 0",D,-2.989111,43.044333,ESTACIONES GB,P,dm,L-D: 24H
ALAVA,VITORIA-GASTEIZ,VITORIA-GASTEIZ,1010,"AVENIDA MEDITERRANEO, 7",N,-2.693722,42.849028,CEPSA,P,dm,L-D: 06:00-22:00
NAVARRA,ZIORDIA,ZIORDIA,31809,CTRA. A-1 km 391,N,-2.236361,42.865028,GALP,P,OM,L-D: 24H
BARCELONA,ODENA,ODENA,8711,"CARRETERA C-244C KM. 0,05",N,1.6362219999999998,41.578722,SHELL,P,OM,L-S: 08:00-20:00
BURGOS,AMEYUGO,AMEYUGO,9219,"AUTOPISTA AP-1 (MRG.DCHO.) KM. 63,5",D,-3.069667,42.650611,CEPSA,P,OM,L-D: 24H
BURGOS,ARANDA DE DUERO,ARANDA DE DUERO,9400,"AVENIDA PORTUGAL, 53",D,-3.711778,41.667972,DGV,P,dm,L-D: 24H
BURGOS,BURGOS,BURGOS,9007,"CL GLORIETA LOGRO?O, S.N.",D,-3.677917,42.34875,REPSOL,P,dm,L-D: 24H
BURGOS,BALBASES (LOS),BALBASES (LOS),9119,AUTOVIA A-62 KM. 40,D,-4.060028,42.177028,GALP,P,OM,L-S: 08:30-20:30
BURGOS,BELORADO,BELORADO,9250,"CARRETERA NACIONAL 120 KM. 66,9",D,-3.190472,42.419167,REPSOL,P,OM,L-D: 09:00-21:00
BURGOS,BRIVIESCA,BRIVIESCA,9240,"CARRETERA N I KM. 278,050",I,-3.321083,42.534556,BP,P,dm,L-V: 24H; S-D: 06:00-00:00
BURGOS,FRANDOVINEZ,FRANDOVINEZ,9230,"AUTOVIA A-62 KM. 16,7",D,-3.8465,42.294444,REPSOL,P,OM,L-D: 07:00-23:00
BURGOS,CASTROJERIZ,CASTROJERIZ,9110,"CAMINO HERAS, S/N",D,-4.145472,42.286833,BIESA,P,dm,L-V: 09:00-13:30 y 15:00-19:00
BURGOS,FONTIOSO,FONTIOSO,9349,AUTV.A-1 km 190,D,-3.759889,41.930556,SHELL,P,dm,L-D: 24H
BURGOS,CONDADO DE TREVINO,TREVINO,9215,CARRETERA MIRANDA DE EBRO KM. 38,I,-2.750194,42.733694,AVIA,P,dm,L-S: 07:00-22:00; D: 09:00-16:00
BURGOS,MILAGROS,MILAGROS,9460,"AUTOVIA A-1 KM. 149,3",I,-3.697222,41.593833,CEPSA,P,dm,L-D: 07:00-23:00
BURGOS,VILLALMANZO,VILLALMANZO,9390,"CARRETERA CRTA A-1,  MADRID-BURGOS KM. 203",I,-3.752778,42.040694,REPSOL,P,dm,L-D: 24H
BURGOS,MEDINA DE POMAR,MEDINA DE POMAR,9500,"CARRETERA N-629 KM. 25,300",I,-3.483,42.945,REPSOL,P,dm,L-D: 7:00-22:00
BURGOS,MELGAR DE FERNAMENTAL,MELGAR DE FERNAMENTAL,9100,"CR N-120, 162",D,-4.238167,42.403056,REPSOL,P,dm,L: 08:00-22:00
BURGOS,MIRANDA DE EBRO,MIRANDA DE EBRO,9200,"CR N-1, 318,8",I,-2.9375,42.692944,REPSOL,P,OM,L-D: 07:00-14:00 y 16:00-21:00
BURGOS,REVILLA Y AHEDO (LA),REVILLA (LA),9613,CARRETERA BURGOS-SAGUNTO KM. S/N,D,-3.322972,42.027639,PINAROIL S.L.,P,dm,L-V: 08:00-20:00; S: 10:00-13:00
BURGOS,ROA,ROA,9300,"CARRETERA BU-111 CTRA. LERMA-S.MARIN RUBIALES KM. 28,500",D,-3.923194,41.6985,REPSOL,P,OM,L-D: 08:00-22:00
BURGOS,VALLE DE MENA,SANTA CRUZ DE MENA,9585,"CR C-6318, 34",D,-3.229222,43.166972,REPSOL,P,OM,L-D: 09:00-21:00
BURGOS,VILLARCAYO DE MERINDAD DE CASTILLA LA VIEJA,VILLARCAYO,9556,"CALLE CALLE SAN ROQUE (CARRETERA BURGOS-VILLARCAYO), 13",I,-3.570556,42.940389,E.S. RIVERA,P,dm,L-D: 07:30-23:00
CACERES,ALDEANUEVA DEL CAMINO,ALDEANUEVA DEL CAMINO,10740,"CR N-630, 435,8",D,-5.909611,40.267611,REPSOL,P,dm,L: 07:00-11:00
CACERES,BELVIS DE MONROY,BELVIS DE MONROY,10394,CARRETERA NACIONAL V KM. 190,D,-5.629528,39.851778,DST BELVIS,P,dm,L-D: 24H
SALAMANCA,PUERTO DE BEJAR,PUERTO DE BEJAR,37720,"CARRETERA N-630 KM. 423,90",D,-5.849028,40.340806,CEPSA,P,dm,L: 08:00-22:00
CACERES,CACERES,CACERES,10001,"CARRETERA CTRA. VALENCIA- ALCANTARA, KM. S/N",N,-6.396306,39.468194,CARREFOUR,P,dm,L-D: 24H
CACERES,CASAR DE CACERES,CASAR DE CACERES,10190,CARRETERA CIRCUNVALACION KM. S/N,D,-6.419111,39.550472,COOPRADO,P,dm,L-D: 24H
CACERES,CORIA,CORIA,10800,"CARRETERA EX 108 KM. 87,2",D,-6.51925,39.982056,SETTRAN,P,dm,L-D: 24H
CACERES,MIAJADAS,MIAJADAS,10100,"CALLE HERRADORES, 2",N,-5.9215,39.140472,SHELL,P,dm,L-D: 24H
CACERES,GUADALUPE,GUADALUPE,10140,"CARRETERA C-713 KM. 4,5",I,-5.331194,39.451833,IBERDOEX CHIPI,P,dm,L-D: 07:00-22:00
CACERES,JARAIZ DE LA VERA,JARAIZ DE LA VERA,10400,CARRETERA EX-392 KM. 16,I,-5.744667,40.051083,CEPSA,P,OM,L-D: 06:00-22:00
CACERES,MALPARTIDA DE PLASENCIA,MALPARTIDA DE PLASENCIA,10680,"AVENIDA AVDA CIUDAD DE PLASENCIA, S/N",D,-6.051639,39.98238900000001,COOP. SAN ISIDRO,P,dm,L-D: 24H
CACERES,MALPARTIDA DE PLASENCIA,MALPARTIDA DE PLASENCIA,10680,"CR  A-66 , P.K. 494",D,-6.246417,39.916,REPSOL,P,OM,L-D: 24H
CACERES,MONTEHERMOSO,MONTEHERMOSO,10810,"CARRETERA PLASENCIA KM. 26,300",D,-6.353056,40.086944,REPSOL,P,dm,L-D: 07:00-23:00
CACERES,MORALEJA,MORALEJA,10840,"AVENIDA PUREZA CANELO, S/N",N,-6.650972,40.063778000000006,GRUPO CRIADO,P,dm,L-D: 24H
CACERES,NAVALMORAL DE LA MATA,NAVALMORAL DE LA MATA,10300,CARRETERA EX-118 KM. 179,I,-5.52425,39.891111,REPSOL,P,OM,L-D: 06:00-00:00
CACERES,TALAYUELA,TALAYUELA,10310,"CALLE MARTINEZ CAMARGO, 18",I,-5.61025,39.981472,REPSOL,P,OM,L-D: 06:00-22:00
CACERES,PASARON DE LA VERA,PASARON DE LA VERA,10411,"CARRETERA PASARON ARROYOMOLINOS DE LA VERA KM. 1,5",D,-5.830778,40.04375,ESTACION SERVICIO NTRA SRA DE LA BLANCA,P,dm,L-D: 24H
CACERES,VALDASTILLAS,VALDASTILLAS,10614,"CARRETERA N-110 KM. 382,400",I,-5.890833,40.136417,REPSOL,P,OM,L-D: 06:00-22:00
CACERES,PLASENCIA,PLASENCIA,10600,"AVENIDA ESPANA, 44",D,-6.098167,40.021639,REPSOL,P,dm,L-D: 06:00-23:00
CACERES,TRUJILLO,TRUJILLO,10200,CARRETERA ANTIGUA NACIONAL V KM. 250,D,-5.854056,39.481556,COPRECA,P,dm,L-D: 24H
CACERES,VALENCIA DE ALCANTARA,VALENCIA DE ALCANTARA,10500,"POLIGONO INDUSTRIAL CERRO DE SAN FRANCISCO, 9",D,-7.230333,39.414389,GALP,P,dm,L-D: 24H
CADIZ,ALCALA DE LOS GAZULES,ALCALA DE LOS GAZULES,11180,"AVENIDA PUERTO DE LEVANTE, S/N",N,-5.730944,36.46,BP,P,dm,L-D: 07:00-22:00
CADIZ,ARCOS DE LA FRONTERA,ARCOS DE LA FRONTERA,11630,"CARRETERA A-382 KM. 26,8",D,-5.822389,36.747833,CEPSA,P,OM,L-D: 24H
ALAVA,LLODIO,LAUDIO/LLODIO,1400,"CL ARETA, 2",D,-2.951361,43.148639,PETRONOR,P,OM,L-D: 06:00-22:00
RIOJA (LA),VILLAMEDIANA DE IREGUA,PUENTE MADRE,26142,"POLIGONO POLIGONO I-9, 2",N,-2.419083,42.447611,CEPSA-JUBERA,P,dm,L-D: 24H
ALAVA,ZUIA,ALTUBE,1139,"AU AP-68, 36",I,-2.870083,42.966111,PETRONOR,P,OM,L-D: 06:00-23:00
ALBACETE,ALBACETE,ALBACETE,2007,"AVENIDA 3a ESQUINA C/ F No3, 3",N,-1.885694,39.009417,FAST & GAS,P,dm,L-D: 24H
ALBACETE,ALBACETE,ALBACETE,2006,"CR N-322, 337,8",I,-2.031861,38.925833,REPSOL,P,dm,L-D: 06:30-22:30
ALBACETE,ALMANSA,ALMANSA,2640,"AVENIDA MADRID, 11",N,-1.108,38.871556,CEPSA,P,OM,L-V: 07:00-21:00; S: 07:00-14:00
ALBACETE,BARRAX,BARRAX,2639,CAMINO DE LOS GONZALOS SN,D,-2.192996,39.051236,COABA,P,dm,L-D: 24H
ALBACETE,BONETE,BONETE,2691,"CR N-430, 566,3",I,-1.331611,38.876111,REPSOL,P,OM,L-D: 06:00-22:00
ALBACETE,CASAS DE JUAN NUNEZ,CASAS DE JUAN NUNEZ,2151,"AVDA. ALBACETE, 33",D,-1.560857,39.100792,GASOLINERAS DEL REY,P,dm,L-D: 07:00-23:00
ALBACETE,CAUDETE,CAUDETE,2660,"CR N-344 DIRC.VALENCIA, KM.  118.3",N,-0.943,38.727472,BP PARGA I PETROL BAS BEL,P,dm,L-D: 06:00-22:00
ALBACETE,CHINCHILLA DE MONTE-ARAGON,CHINCHILLA DE MONTE-ARAGO,2520,AUTOVIA A-31 KM. 86,D,-1.758,38.937583,REPSOL,P,OM,L: 06:00-23:00
ALBACETE,HELLIN,HELLIN,2400,CARRETERA MURCIA KM. 33,I,-1.687833,38.506806,PETRONOR,P,OM,L: 06:00-23:00
ALBACETE,MADRIGUERAS,MADRIGUERAS,2230,"AVENIDA LEVANTE, 15",I,-1.7994720000000002,39.233056,REPSOL,P,OM,L-D: 06:00-22:00
ALBACETE,RODA (LA),RODA (LA),2630,AUTOVIA A-31 KM. 40,D,-2.166444,39.212972,REPSOL,P,OM,L-D: 06:00-23:00
ALBACETE,TARAZONA DE LA MANCHA,TARAZONA DE LA MANCHA,2100,"CL AVENIDA DE LA RODA, 1",I,-1.911389,39.25975,REPSOL,P,OM,L-D: 07:00-23:00
ALBACETE,TOBARRA,TOBARRA,2500,"AVENIDA GUARDIA CIVIL, 162",D,-1.6808330000000002,38.601722,NTRA. SRA. DE LA ENCARNACION,P,dm,L-D: 06:00-23:00
ALBACETE,VILLARROBLEDO,VILLARROBLEDO,2600,"AVENIDA REYES CATOLICOS, 108",N,-2.5941110000000003,39.272056,GALP,P,OM,L-D: 24H
ALBACETE,VILLARROBLEDO,VILLARROBLEDO,2600,AUTOVIA A-43 KM. 390,I,-2.708528,39.205194,CEPSA,P,OM,L-D: 06:00-23:59
ALBACETE,YESTE,YESTE,2480,CARRETERA DE HELLIN KM. 42,I,-2.314667,38.368667,CEPSA,P,OM,L-D: 06:00-23:00
ALICANTE,COCENTAINA,COCENTAINA,3820,"AVENIDA ALICANTE, 49",D,-0.45775,38.717889,REPSOL,P,OM,L-D: 06:00-22:00
ALICANTE,BENIDORM,BENIDORM,3501,CARRETERA CV-70 KM. 47,I,-0.134444,38.559583,REPSOL,P,OM,L-D: 24H
ALICANTE,BANYERES DE MARIOLA,BANYERES DE MARIOLA,3450,"CALLE LES MOLINES, 35,",N,-0.671194,38.720111,BANERES,P,dm,L: 06:00-22:00
ALICANTE,BENEIXAMA,BENEIXAMA,3460,"CALLE DR. SILVESTRE,",N,-0.76775,38.701889,COOPERATIVA DIVINA AURORA,P,dm,L-D: 24H
ALICANTE,GATA DE GORGOS,GATA DE GORGOS,3740,"CARRETERA N-332 KM. 187,5",D,0.098639,38.768111,REPSOL,P,OM,L-D: 07:00-21:00
ALICANTE,CALPE/CALP,CALPE,3710,"AVENIDA DIPUTACION, 35",D,0.04175,38.646306,GASEXPRESS,P,dm,L-D: 24H
ALICANTE,CASTALLA,CASTALLA,3420,"AVENIDA DE IBI, 46",D,-0.669611,38.600944,REPSOL,P,OM,L-D: 06:00-22:00
ALICANTE,DENIA,DENIA,3700,"CALLE AVENIDA VALENCIA, 44",D,0.098194,38.83958300000001,REPSOL,P,OM,L-D: 24H
ALICANTE,ELDA,ELDA,3600,"AVENIDA MONOVAR, 10",I,-0.802222,38.478556,REPSOL,P,OM,L-V: 07:00-21:00; S: 08:00-21:00
ALICANTE,IBI,IBI,3440,AV DE LA PROVIDENCIA S/N,N,-0.585583,38.6165,BP IBI,P,dm,L-D: 05:30-00:00
ALICANTE,PEGO,PEGO,3789,"AVENIDA DE VALENCIA, 21",D,-0.115528,38.845278,PETRONOR,P,OM,L-V: 06:00-21:00; S: 07:00-21:00; D: 08:00-20:00
ALICANTE,PINOSO,PINOSO,3650,CARRETERA DE YECLA KM. 2,N,-1.037056,38.404389,GLOBALTANK PINOSO,P,dm,L-D: 24H
ALICANTE,SAN MIGUEL DE SALINAS,SAN MIGUEL DE SALINAS,3193,"CALLE CV-95, 17,4",D,-0.7994439999999999,37.990083,GLOBALOIL,P,dm,L-D: 06:15-22:15
ALICANTE,VILLENA,VILLENA,3400,CARRETERA CARRETERA DE YECLA KM. 1,D,-0.870667,38.635889,REPSOL,P,OM,L-D: 06:00-22:00
ALMERIA,ADRA,PUENTE DEL RIO,4779,"AVENIDA LEGION ESPANOLA, 2",D,-2.983333,36.758889,CAMPOADRA,P,dm,L-S: 07:00-21:30
ALMERIA,SANTA FE DE MONDUJAR,SANTA FE DE MONDUJAR,4420,"N-324 km 311,900",N,-2.537639,36.962917,LOS MILLARES,P,dm,L-D: 07:00-10:00
ALMERIA,NIJAR,NIJAR,4100,AUTOVIA AUTOVIA DEL MEDITERRANEO SAL.471 KM. 471,N,-2.229556,36.869083,BP ESTACION DE SERVICIO EL 21,P,dm,L-D: 06:00-00:00
ALMERIA,BERJA,BERJA,4760,"AVENIDA JOSE BARRIONUEVO PENA, S/N",D,-2.9458330000000004,36.841667,REPSOL,P,OM,L-D: 06:00-22:00
ALMERIA,PULPI,PULPI,4640,"POLIGONO S-LF1, 1",N,-1.749139,37.383472,APARCAMIENTOS DE PULPI,P,dm,L-D: 24H
ALMERIA,FINES,ESTACION (LA),4869,"PARAJE MOJON. POLIGONO 5. PARCELA, 44",D,-2.2824720000000003,37.358167,SUIMASA,P,dm,L-D: 24H
ALMERIA,MOJACAR,MOJACAR,4638,"CR AL-118, 0,6",D,-1.824028,37.169056,REPSOL,P,OM,L-D: 07:00-22:00
ALMERIA,NIJAR,NIJAR,4100,AUTOVIA ALMERIA  MURCIA SALIDA 494 KM.,I,-2.067056,36.993861,BP VENTA DEL POBRE,P,dm,L-D: 05:30-00:30
ALMERIA,NIJAR,SAN ISIDRO DE NIJAR,4117,CARRETERA IRYDA (CH) KM. 5,D,-2.149167,36.922972,HORTOFRUCOOP S.C.A.,P,dm,L-D: 07:00-23:00
ALMERIA,VELEZ-BLANCO,VELEZ-BLANCO,4830,"CARRETERA C-321, PJE.CANADA DE NAVARRO KM 000000 KM. 162",D,-2.090333,37.678111,ANROROIL,P,dm,L-S: 07:00-23:00
GRANADA,CULLAR,VERTIENTES (LAS),18859,CARRETERA km 139,D,-2.400389,37.595778,"E.A. DE LAS VERTIENTES, S.L.",P,dm,L-D: 07:00-23:00
GRANADA,CHURRIANA DE LA VEGA,CHURRIANA DE LA VEGA,18194,CARRETERA GRANADA-LAS GABIAS KM. 2,I,-3.640639,37.158028,ASC SAN CRISTOBAL,P,dm,L-D: 24H
GRANADA,PURULLENA,PURULLENA,18519,CARRETERA CR A-2 SEVILLA-BAZA DCHA. KM 286 KM. 286,D,-3.215694,37.328889,BP - RIO FARDES,P,dm,L-D: 06:00-00:00
GRANADA,HUENEJA,HUENEJA,18512,"CR N-324 246,2 (N-324 km 246,24)",D,-2.959,37.187806,REPSOL,P,OM,L-D: 06:00-22:00
GRANADA,HUESCAR,HUESCAR,18830,"CARRETERA A-330 KM. 28,3",D,-2.542361,37.779639,LIBRE,P,dm,L-D: 24H
GRANADA,GUALCHOS,CASTELL DE FERRO,18740,"POLIGONO CASTELL DE FERRO, FASE III, KM, 353,5",D,-3.3576940000000004,36.731472,EESS GASOLEOS FERRER S.L,P,dm,L-D: 24H
GRANADA,SALAR,SALAR,18310,CARRETERA A- 4155 KM. 1,I,-4.076611,37.163833,SPS,P,dm,L-S: 06:00-22:00; D: 07:00-22:00
GRANADA,ILLORA,ILLORA,18200,"CARRETERA ILLORA A PUERTO LOPE KM. 5,1",N,-3.865583,37.290778,BP,P,dm,L-D: 06:00-22:00
JAEN,NOALEJO,NOALEJO,23140,CTRA. 323 km 77,D,-3.637671,37.52982100000001,BLANCA,P,dm,L-D: 06:00-22:00
GRANADA,IZNALLOZ,IZNALLOZ,18550,CR N-323 97,D,-3.567444,37.40508300000001,CAMPSA,P,OM,L-D: 24H
GRANADA,ORGIVA,ORGIVA,18400,"CR COMARCAL 333 km 16,145",I,-3.429917,36.901333,BP E.S. ALPUJARRA,P,dm,L-D: 06:30-23:00
GRANADA,MOCLIN,PUERTO LOPE,18249,"CARRETERA DE MONTEFRIO, GR-3410. KM. 0,3",D,-3.834028,37.344611,SHELL PUERTO LOPE,P,dm,L-D: 06:30-22:30
GRANADA,MOTRIL,MOTRIL,18600,AUTOVIA GR-14 KM. 0,I,-3.55725,36.770722,CEPSA,P,dm,L-D: 24H
GRANADA,MONTEFRIO,MONTEFRIO,18270,CARRETERA ALCALA KM. 1,D,-4.005278,37.326,REPSOL,P,dm,L-S: 06:00-22:00; D: 08:00-22:00
GRANADA,MORALEDA DE ZAFAYONA,MORALEDA DE ZAFAYONA,18370,AUTOVIA A-92 KM. 211,D,-3.95275,37.182583,REPSOL,P,dm,L-D: 24H
GUADALAJARA,ALCOLEA DEL PINAR,ALCOLEA DEL PINAR,19260,"CR A-2, 135",I,-2.450583,41.039583,REPSOL,P,dm,L-V: 24H; S: 07:00-23:00; D: 24H
GUADALAJARA,TORREMOCHA DEL CAMPO,TORREMOCHA DEL CAMPO,19268,"CARRETERA A2 KM. 117,400",I,-2.615972,40.972278,AREA 117,P,dm,L-D: 24H
GUADALAJARA,ALMADRONES,ALMADRONES,19490,AUTOVIA A-2 KM. 103,I,-2.760472,40.898444,CEPSA,P,OM,L-D: 24H
MADRID,MADRID,MADRID,28030,"CL GL.CORREGIDOR SANCHO DE CORD, S.",D,-3.652028,40.407389,REPSOL,P,OM,L-D: 24H
GUADALAJARA,YUNQUERA DE HENARES,YUNQUERA DE HENARES,19210,"CALLE REAL, 122",D,-3.166861,40.750139,REPSOL,P,OM,L-S: 07:00-22:00
GUADALAJARA,LEDANCA,LEDANCA,19195,"CR A-2, 95",D,-2.836028,40.859361,REPSOL,P,OM,L-D: 07:00-23:00
GUADALAJARA,MOLINA DE ARAGON,MOLINA,19300,CARRETERA N-211 KM. 60,D,-1.883056,40.844444,CEPSA,P,OM,L-D: 07:00-23:00
GUADALAJARA,POZO DE GUADALAJARA,POZO DE GUADALAJARA,19161,"CARRETERA CR GU-221 KM. 20,6",D,-3.181917,40.495194,REPSOL,P,dm,L-D: 24H
GUADALAJARA,SAUCA,SAUCA,19262,AUTOVIA A-2 KM. 125,D,-2.546583,41.015972,REPSOL,P,OM,L-D: 07:00-23:00
GUADALAJARA,SIGUENZA,SIGUENZA,19250,"CR C-204, 19",I,-2.647839,41.065646,REPSOL,P,OM,L-D: 07:00-22:00
GUADALAJARA,TORIJA,TORIJA,19190,AUTOVIA N-II KM. 73,I,-3.033056,40.746028,REPSOL,P,dm,L-D: 24H
GUIPUZCOA,HERNANI,HERNANI,20120,"BARRIO AKARREGI, 23",N,-1.968278,43.266944,AVIA,P,dm,L-V: 06:30-21:30; S: 07:00-21:30; D: 08:00-21:00
GUIPUZCOA,ARRASATE/MONDRAGON,ARRASATE/MONDRAGON,20500,"SAN ANDRES AUZOA, 7 (BERGARA-VITORIA C-6213 km 80,3)",I,-2.4975,43.048695,AVIA,P,dm,L-D: 24H
GUIPUZCOA,ZESTOA,ZESTOA,20740,"CARRETERA GI-631 KM. 5,00",D,-2.259444,43.241444,E.S. ZESTOA-AVIA,P,dm,L-S: 07:00-21:00; D: 07:00-14:00
GUIPUZCOA,BERGARA,BERGARA,20570,"CALLE LEIZEAGA, 7",N,-2.425306,43.122694,EROSKI,P,dm,L-D: 24H
CORDOBA,CORDOBA,CORDOBA,14007,"AVDA. LIBIA, 34",D,-4.758806,37.890944,CEPSA,P,OM,L-D: 07:00-23:00
GUIPUZCOA,EIBAR,EIBAR,20600,"CALLE BARRENA, 19",N,-2.454556,43.189972,AVIA-ACITAIN,P,dm,L-V: 06:00-22:00; S-D: 08:00-22:00
HUELVA,HUELVA,HUELVA,21007,AVDA. NUEVO COLOMBINO S/N.,D,-6.919611,37.263306,CEPSA TRAFICO PESADO,P,dm,L-D: 06:30-22:30
HUELVA,ALMONTE,ALMONTE,21730,"POLIGONO INDUSTRIAL EL TOMILLAR,PARCELA, 77",N,-6.507861,37.254056,CEPSA,P,dm,L-D: 24H
HUELVA,ARACENA,ARACENA,21200,"N-433 km 88,4",I,-6.569472,37.896972,AGLA,P,dm,L-D: 06:00-22:00
CORDOBA,CORDOBA,CORDOBA,14190,"CR N-4, 412",D,-4.811,37.797444,REPSOL,P,OM,L-D: 24H
CORDOBA,MONTILLA,MONTILLA,14550,CARRETERA N331 KM. 41,I,-4.678472,37.606278,AVIA,P,dm,L-D: 07:00-22:30
CORDOBA,FUENTE PALMERA,FUENTE PALMERA,14120,"CARRETERA FUENTE PALMERA- LA VENTILLA L-120 KM. 0,500",N,-5.098111,37.708139,SANTIAGO,P,dm,L-D: 07:00-21:00
CORDOBA,HINOJOSA DEL DUQUE,HINOJOSA DEL DUQUE,14270,"AVENIDA MARQUES DE SANTILLANA, S/N",D,-5.139694,38.498361,AGLA,P,dm,L-D: 06:00-22:00
CORDOBA,IZNAJAR,IZNAJAR,14970,CARRETERA A333 KM. 34,D,-4.3099440000000016,37.265389,AGLA,P,dm,L-D: 06:30-22:00
CORDOBA,LUCENA,LUCENA,14900,"CARRETERA CABRA KM. 1,5",D,-4.474806,37.430944,BP LOS BOMBEROS,P,dm,L-D: 06:00-22:00
CORDOBA,LUCENA,LUCENA,14900,AUTOVIA A-45 KM. 51,D,-4.551917,37.439778,REPSOL,P,OM,L-D: 24H
CORDOBA,MONTORO,MONTORO,14600,"AUTOVIA E-5/A-4 KM. 357,8",D,-4.3855830000000005,38.008222,CEPSA,P,OM,L-D: 06:00-22:00
CORDOBA,NUEVA CARTEYA,NUEVA CARTEYA,14857,CARRETERA MONTILLA-NUEVA CARTEYA KM. 17500,I,-4.481472,37.593083,REPSOL,P,dm,L-D: 07:00-22:00
CORDOBA,PALMA DEL RIO,PALMA DEL RIO,14700,"AVENIDA AVENIDA DE LA PAZ SN  / GRAN VIA AULIO CORNELIO PALMA  SN, SN",N,-5.272694,37.700056,REPSOL,P,OM,L-D: 06:00-23:00
CORDOBA,CARPIO (EL),CARPIO (EL),14620,"CR N-4, 372",D,-4.492167,37.94300000000001,REPSOL,P,OM,L-S: 06:00-22:00; D: 07:00-14:00
CORDOBA,PENARROYA-PUEBLONUEVO,PENARROYA-PUEBLONUEVO,14200,"AVENIDA ANDALUCIA, S/N",N,-5.261361,38.296417,REPSOL,P,dm,L: 07:00-23:00
CORDOBA,POSADAS,POSADAS,14730,"AVENIDA ANDALUCIA, S/N",D,-5.099639,37.806111,GALP,P,dm,L-D: 06:00-22:00
CORDOBA,POZOBLANCO,POZOBLANCO,14400,"CALLE MUNOZ DE SEPULVEDA, 99",D,-4.853167,38.373861,PRODENERGY,P,dm,L-D: 24H
CORDOBA,PRIEGO DE CORDOBA,PRIEGO DE CORDOBA,14800,"AVENIDA DE GRANADA, S,N",D,-4.191889,37.441611,CEPSA,P,OM,L-D: 07:00-23:00
CORDOBA,ALMEDINILLA,ALMEDINILLA,14812,"POLIGONO INDUSTRIAL LOS BERMEJALES VIAL 2 C/ CANADA, 18/19",D,-4.100361,37.436611,FITO,P,dm,L-S: 08:30-14:00 y 16:00-21:00
CORDOBA,PUENTE GENIL,PUENTE GENIL,14500,"CALLE ESTEPA, 1",I,-4.781333,37.379556,CAMPSA,P,OM,L-D: 06:00-22:00
CORDOBA,RUTE,RUTE,14960,"AVENIDA BLAS INFANTE, S/N",D,-4.3749720000000005,37.328444,F.DEL MORAL,P,dm,L-S: 07:00-13:00 y 17:00-21:00
CORDOBA,SANTAELLA,SANTAELLA,14547,"CARRETERA CTRA. ECIJA-LA RAMBLA C-3312 KM. 25,000",N,-4.848,37.580083,SANTIAGO,P,dm,L-D: 07:00-21:00
CORDOBA,VILLA DEL RIO,VILLA DEL RIO,14640,"POLIGONO ANTIGUA N-4 TR.ORIENTAL, 16, 16",I,-4.277472,37.986306,REPSOL,P,OM,L-D: 06:00-22:00
CORDOBA,VILLANUEVA DE CORDOBA,VILLANUEVA DE CORDOBA,14440,CARRETERA CO-420 KM. 152,D,-4.64175,38.327167,REPSOL,P,OM,L-D: 06:00-23:00
CORDOBA,VILLANUEVA DEL DUQUE,VILLANUEVA DEL DUQUE,14250,CARRETERA A422 KM. 1,D,-4.979694,38.392139,REPSOL,P,dm,L-D: 06:00-22:00
CORUNA (A),ABEGONDO,ABEGONDO,15318,CARRETERA AC 542 CARRETERA BETANZOS-MESON DO VENTO KM. 9,D,-8.28775,43.230667,GSM,P,dm,L-D: 24H
PONTEVEDRA,CALDAS DE REIS,PARADELA,36659,CARRETERA NAC. 550 KM. 95,I,-8.648333000000001,42.635,CRP,P,dm,L-D: 24H
CORUNA (A),OLEIROS,OLEIROS,15173,AVDA. CHE GUEVARA 166,N,-8.345583,43.341833,MEROIL,P,dm,L-D: 24H
CORUNA (A),ARZUA,ARZUA,15810,"PARQUE EMPRESARIAL, 1",D,-8.17125,42.930583,E.S.TEIRABOA,P,dm,L-D: 24H
CORUNA (A),BANA (A),MOLDES,15837,"CARRETERA AC546 KM. 0,062",I,-8.759639,42.926639,SHELL,P,dm,L-D: 07:00-23:00
CORUNA (A),BOIRO,PESQUEIRA,15939,"MUELLE BAJO MUELLE, S/N",N,-8.890167,42.613556,PETROCASH CABO DE CRUZ,P,dm,L: 07:00-22:00
CORUNA (A),CARBALLO,CARBALLO,15100,"LUGAR A REVOLTA, 20",D,-8.699444,43.204472,E.S. CARVOLTA,P,dm,L-D: 24H
CORUNA (A),MUROS,MUROS,15250,"POLIGONO DE MUROS - VENTIN, S/N",D,-9.072028,42.78527800000001,REPSOL,P,dm,L: 07:00-23:00
CORUNA (A),CEE,XALLAS,15270,"PARQUE PARQUE EMPRESARIAL DE CEE, 19",D,-9.191,42.977694,LOW COST REPOST,P,dm,L-D: 24H
CORUNA (A),CERCEDA,CERCEDA,15185,"RUA XAQUIN LORENZO, 28",D,-8.56675,43.159639,CEPSA,P,dm,L-D: 08:00-23:00
CORUNA (A),LARACHA (A),CORGO,15145,"LUGAR CORGO ARRIBA, 10",I,-8.467889,43.230611,LOW COST ATENDIDO O CORGO,P,dm,L-S: 07:00-22:00
CORUNA (A),OZA DOS RIOS,OZA,15380,"AC 840 km 6,89",I,-8.1905,43.225889,E.S. OZAGAS,P,dm,L-D: 07:00-23:00
CORUNA (A),CURTIS,CURTIS,15310,CARRETERA N-634 KM. 659,D,-7.967888999999999,43.18125,CEPSA,P,dm,L-D: 07:00-23:00
CORUNA (A),PONTECESO,CAMPARA (A),15110,"LUGAR A CAMPARA - PONTECESO (CP 6805 km 0,180)",D,-8.867694,43.279861,E S A CAMPARA,P,dm,L: 06:30-23:00
CORUNA (A),SANTA COMBA,SANTA COMBA,15840,"AVENIDA BRASIL, 0",I,-8.817556,43.027333,LAG XALLAS,P,dm,L-D: 07:00-23:00
CORUNA (A),MELIDE,MELIDE,15800,"AVENIDA LUGO, 94,96",I,-8.006167,42.912222,CEPSA,P,dm,L: 07:00-23:00
CORUNA (A),NOIA,ABRUNEIRAS,15210,"CARRETERA BARQUINA S/N KM. 2,5",N,-8.888111,42.798167,EROSKI,P,dm,L-S: 08:00-22:00
CORUNA (A),ORDES,ORDES,15680,"N-550 km 34,5",I,-8.403111,43.093389,GALP,P,dm,L-D: 07:00-23:00
CORUNA (A),ORTIGUEIRA,ORTIGUEIRA,15330,LG LAGAREA,D,-7.84675,43.678056,ORTEGAL OIL,P,dm,L-S: 07:00-22:30; D: 09:00-22:30
CORUNA (A),PONTES DE GARCIA RODRIGUEZ (AS),PONTES DE GARCIA RODRIGUEZ (AS) (SANTA MARIA),15320,"CALLE LA CASILLA, S/N",I,-7.867222,43.452417,REPSOL,P,OM,L-S: 07:00-23:00
CORUNA (A),TRAZO,BREA (A),15687,"CARRETERA CP-7804 KM. 6,2",D,-8.593028,43.028056,EESSBENZA,P,dm,L-D: 07:00-23:00
CORUNA (A),VAL DO DUBRA,BEMBIBRE,15873,"CARRETERA ARCAI 120 KM. 22,58",D,-8.656194000000001,43.021667,REPSOL,P,dm,L: 07:00-23:00
PONTEVEDRA,ESTRADA (A),LOIMIL DO CARBALLO,36588,CARRETERA NACIONAL 525 KM. 316,D,-8.365806,42.75675,LOIMIL GAS,P,dm,L-D: 07:30-22:30
CORUNA (A),VILASANTAR,ZANFOGA,15807,CARRETERA C-540 KM. 38,D,-8.147917,43.113972,PETRONOR,P,OM,L-D: 07:00-23:00
CUENCA,CASTILLO DE GARCIMUNOZ,CASTILLO DE GARCIMUNOZ,16623,"N-III km 159,900",N,-2.352278,39.651444,GALP,P,OM,L-D: 24H
CUENCA,TARANCON,TARANCON,16400,"AVENIDA REY JUAN CARLOS I, 37",D,-3.005306,40.006583,MANZANARES RUIZ,P,dm,L-V: 06:00-22:00; S: 07:00-15:00
MADRID,FUENTIDUENA DE TAJO,FUENTIDUENA DE TAJO,28597,"CARRETERA N III KM. 68,500",D,-3.112889,40.084139,SHELL,P,OM,L-D: 24H
CUENCA,CAMPILLO DE ALTOBUEY,CAMPILLO DE ALTOBUEY,16210,CARRETERA VALENCIA 1 KM. 1,D,-1.792972,39.612694,S. ANDRES APOSTOL SOCIEDAD COOP. DE C-LM,P,dm,L-D: 24H
CUENCA,CAMPOS DEL PARAISO,CARRASCOSA DEL CAMPO,16555,ERAS DEL PILAR SN,D,-2.737694,40.039694,COOP. SANTA ANA,P,dm,L-D: 24H
CUENCA,CASASIMARRO,CASASIMARRO,16239,CARRETERA RODA (LA) KM. 72,N,-2.037639,39.387889,"LAPENA MORATALLA, S.L.",P,dm,L-S: 07:00-21:00
CUENCA,CASTILLEJO DE INIESTA,CASTILLEJO DE INIESTA,16250,"CR A-3, 225",I,-1.752472,39.519389,REPSOL,P,OM,L-D: 24H
CUENCA,CUENCA,CUENCA,16003,"AVENIDA REYES CATOLICOS, 76",D,-2.138278,40.059472,AVIA,P,dm,L: 06:00-22:00
CASTELLON / CASTELLO,CABANES,CABANES,12180,AUTOPISTA AP-7 (MRG.DCHO) KM. 404,D,0.138722,40.131806,CEPSA,P,OM,L-D: 24H
CASTELLON / CASTELLO,VIVER,VIVER,12460,"C/ ABADIA, No 4",D,-0.5943609999999999,39.919361,COOPERATIVA DE VIVER,P,dm,L-D: 24H
CASTELLON / CASTELLO,MORELLA,MORELLA,12300,"CARRETERA N-232 KM. 63,5",D,-0.094556,40.609611,PETRONOR,P,dm,L-D: 07:00-21:00
CASTELLON / CASTELLO,TORREBLANCA,TORREBLANCA,12596,"N-340 km 1011,6",I,0.201056,40.22208300000001,REPSOL,P,dm,L-D: 24H
CASTELLON / CASTELLO,VALL D'ALBA,VALL D'ALBA,12194,"CV-15 km 11,4",I,-0.045389,40.192639,CAMPSA,P,dm,L-S: 07:00-22:00
CIUDAD REAL,ALCAZAR DE SAN JUAN,ALCAZAR DE SAN JUAN,13600,"AVENIDA DE LOS INSTITUTOS, S/N",D,-3.224611,39.39225,ZEROGAS,P,dm,L-D: 24H
CIUDAD REAL,ALMADEN,ALMADEN,13400,"AVENIDA RAMON Y CAJAL, 61",I,-4.831306,38.777639,CEPSA,P,dm,L: 07:00-22:00
HUELVA,AYAMONTE,AYAMONTE,21400,"AVENIDA CONSTITUCION, S/N",N,-7.398556,37.220694,BP,P,dm,L-D: 06:00-00:00
CIUDAD REAL,BOLANOS DE CALATRAVA,BOLANOS DE CALATRAVA,13260,"CALLE CTRA. C-417, PK. KM 17,, 17",D,-3.677333,38.904139,SARAS,P,OM,L-D: 06:30-22:30
CIUDAD REAL,PUERTOLLANO,PUERTOLLANO,13500,CARRETERA NACIONAL 420 KM. 160,D,-4.101667,38.701556,CARREFOUR,P,dm,L-D: 24H
CIUDAD REAL,VISO DEL MARQUES,VISO DEL MARQUES,13770,CARRETERA CM-4111 KM. 64,I,-3.550556,38.520556,REPSOL,P,OM,L: 07:00-19:00
CIUDAD REAL,ARGAMASILLA DE ALBA,ARGAMASILLA DE ALBA,13710,"CR N-310, 85,1 (N-310 km 85,18)",D,-3.079389,39.131944,REPSOL,P,OM,L-S: 06:00-22:00; D: 07:00-22:00
CIUDAD REAL,BRAZATORTAS,BRAZATORTAS,13450,CARRETERA CABEZARRUBIAS KM. 1,N,-4.2965,38.660056,UNIDAD DE SERVICIO,P,dm,L-D: 06:00-23:00
CIUDAD REAL,CAMPO DE CRIPTANA,CAMPO DE CRIPTANA,13610,"AVENIDA DE LA HISPANIDAD, 10",I,-3.128361,39.400861,PETRONOR,P,OM,L-D: 06:00-22:00
CIUDAD REAL,CARRION DE CALATRAVA,CARRION DE CALATRAVA,13150,CARRETERA CARRION A FERNANCABALLERO km 0.5,D,-3.821833,39.030361,"MONTES NORTE ENERGETICOS, S.L.",P,dm,L-D: 24H
CIUDAD REAL,CIUDAD REAL,CIUDAD REAL,13004,"CALLE RONDA DE LA MATA, S/N",D,-3.920833,38.983083,REPSOL,P,OM,L-D: 06:00-23:00
CIUDAD REAL,DAIMIEL,DAIMIEL,13250,CARRETERA N-420 KM KM. 231,D,-3.596278,39.076278,WETROAD,P,dm,L-D: 24H
CIUDAD REAL,LLANOS DEL CAUDILLO,LLANOS DEL CAUDILLO,13220,POZOS S/N,D,-3.352078,39.119946,COOP. LOS LLANOS,P,dm,L-V: 08:00-13:00 y 15:00-18:00
CIUDAD REAL,MALAGON,MALAGON,13420,"AVENIDA FUNDADORES COOPERATIVA, 69",N,-3.852333,39.167,"MONTES NORTE ENERGETICOS, S.L.",P,dm,L-D: 24H
CIUDAD REAL,MEMBRILLA,MEMBRILLA,13230,CARRETERA NACIONAL 430 KM 368 KM. 368,D,-3.336417,38.973667,REPSOL,P,dm,L-D: 06:00-23:00
CIUDAD REAL,MONTIEL,MONTIEL,13326,"CARRERA VILLANUEVA DE LOS INFANTES, S/N",D,-2.8825830000000003,38.69975,CASTILLO DE MONTIEL,P,dm,L-D: 24H
CIUDAD REAL,PEDRO MUNOZ,PEDRO MUNOZ,13620,CARRETERA PEDRO MUNOZ A SOCUELLAMOS KM. 1,D,-2.937778,39.396167,SUMNISTROS AGRICOLAS DE PEDRO MUNOZ S. COOP. DE C-LM,P,dm,L-D: 24H
CIUDAD REAL,PIEDRABUENA,PIEDRABUENA,13100,"CARRETERA NACIONAL 430 KM. 219,7",I,-4.182528,39.032861,CEPSA,P,dm,L-D: 07:00-22:00
CIUDAD REAL,PUEBLA DE DON RODRIGO,PUEBLA DE DON RODRIGO,13109,"CALLE CUATRO ESQUINAS ESQUINA LUIS SEVILLA, S/N",D,-4.616917,39.08658300000001,"MONTES NORTE ENERGETICOS, S.L.",P,dm,L-D: 24H
TOLEDO,CAMUNAS,CAMUNAS,45720,AUTOVIA AUTOVIA A4 KM. 132,I,-3.48725,39.354306,BP,P,dm,L-D: 24H
CIUDAD REAL,VILLARTA DE SAN JUAN,VILLARTA DE SAN JUAN,13210,"AUTOVIA A-4 KM. 145,330",I,-3.430306,39.25033300000001,TARAY,P,dm,L-D: 24H
CIUDAD REAL,SANTA CRUZ DE MUDELA,SANTA CRUZ DE MUDELA,13730,"CALLE PEDRO VARELA, S/N",D,-3.452778,38.644833,CH2M,P,dm,L-D: 24H
CIUDAD REAL,SOCUELLAMOS,SOCUELLAMOS,13630,"CM-3102 km 23,1",D,-2.784361,39.283694,CEPSA,P,dm,L-D: 06:00-23:00
CIUDAD REAL,TOMELLOSO,TOMELLOSO,13700,"CALLE SOCUELLAMOS, 92",D,-3.016139,39.163694,REPSOL,P,OM,L-D: 05:00-23:00
CIUDAD REAL,TORRALBA DE CALATRAVA,TORRALBA DE CALATRAVA,13160,AUTOVIA A-43 KM. 290,I,-3.756389,39.005917,CEPSA,P,OM,L-D: 07:00-23:00
CIUDAD REAL,VALDEPENAS,VALDEPENAS,13300,"AUTOVIA  A-4 km 191,536",I,-3.391833,38.843417,SHELL,P,OM,L-D: 24H
CIUDAD REAL,VALDEPENAS,VALDEPENAS,13300,"CR CM-412, 84,8",D,-3.3985,38.766444,REPSOL,P,OM,L-D: 06:00-23:00
CIUDAD REAL,VALDEPENAS,CONSOLACION,13310,AUTOVIA ANDALUCIA KM. 185,D,-3.391639,38.9015,REPSOL,P,dm,L-D: 24H
CIUDAD REAL,VILLANUEVA DE LOS INFANTES,VILLANUEVA LOS INFANTES,13320,"CALLE PIOXII, 93",N,-3.006139,38.740722,.ES CARBURANTES,P,dm,L-D: 07:00-23:00
CIUDAD REAL,VILLARRUBIA DE LOS OJOS,VILLARRUBIA DE LOS OJOS,13670,"PASEO DEL CORDON 104 (CM 4120 km 16,700)",D,-3.601356,39.226473,"VILLA RUBEUM,S.L.",P,dm,L-D: 06:30-22:30
CORDOBA,AGUILAR DE LA FRONTERA,AGUILAR DE LA FRONTERA,14920,CARRETERA NACIONAL 331 KM. 53,D,-4.651028,37.511667,CEPSA,P,OM,L-D: 06:00-22:00
CORDOBA,ALMODOVAR DEL RIO,ALMODOVAR DEL RIO,14720,CARRETERA C-431 KM. 21,I,-5.0046940000000015,37.82125,REPSOL,P,OM,L-D: 06:00-22:00
CORDOBA,BAENA,BAENA,14850,"AVENIDA ALEMANIA, 1",D,-4.314667,37.622667,GEDS,P,dm,L-D: 24H
CORDOBA,BENAMEJI,BENAMEJI,14910,"N-331 km 495,8",I,-4.532556,37.265889,ENERPLUS,P,dm,L-D: 06:00-22:00
CORDOBA,CARLOTA (LA),CARLOTA (LA),14100,AUTOVIA A-4 KM. 432,I,-4.928111,37.678611,REPSOL,P,OM,L-D: 06:00-22:00
SEVILLA,ECIJA,ECIJA,41400,"AUTOVIA MADRID-SEVILLA km 441,500",I,-4.969861,37.603472,SHELL,P,dm,L-D: 07:00-23:00
CORDOBA,CASTRO DEL RIO,CASTRO DEL RIO,14840,"CALLE RONDA PUENTE NUEVO, SN",D,-4.486028,37.691333,REPSOL,P,OM,L-S: 06:00-22:00; D: 08:00-14:00
HUELVA,PALMA DEL CONDADO (LA),PALMA DEL CONDADO (LA),21700,"CARRETERA CRTRA LA PALMA A BOLLULLOS KM. 3,2",D,-6.538056,37.35888900000001,CARREFOUR,P,dm,L-D: 24H
HUELVA,LEPE,LEPE,21440,"AVENIDA ANDALUCIA, 1",I,-7.195972,37.264083,CEPSA,P,dm,L-D: 07:00-22:00
HUELVA,MANZANILLA,MANZANILLA,21890,"CARRETERA A472 KM. 34,90",D,-6.399694,37.387028,CEPSA,P,dm,L-V: 07:00-20:00; S: 07:00-14:30
HUELVA,GIBRALEON,GIBRALEON,21500,"CARRETERA NACIONAL 431 KM. 89,2",I,-6.961167,37.363444,REPSOL,P,OM,L-S: 07:00-22:00; D: 08:00-22:00
HUELVA,MINAS DE RIOTINTO,MINAS DE RIOTINTO,21660,"CARRETERA HU-421 KM. 4,4",I,-6.604222,37.694444,REPSOL,P,OM,L-D: 06:00-22:00
HUELVA,NIEBLA,NIEBLA,21840,"CARRETERA A472 KM. 60,750",I,-6.67225,37.364167,CEPSA,P,OM,L-D: 06:00-22:00
HUELVA,ROCIANA DEL CONDADO,ROCIANA DEL CONDADO,21720,"CARRETERA HU-614 KM. 8,6",D,-6.595472,37.30152800000001,REPSOL,P,OM,L-D: 06:00-22:00
HUELVA,ROSAL DE LA FRONTERA,ROSAL DE LA FRONTERA,21250,"CR N-433, 119,9",D,-7.215667,37.968917,CAMPSA,P,dm,L-D: 07:00-23:00
HUELVA,SAN BARTOLOME DE LA TORRE,SAN BARTOLOME DE LA TORRE,21510,A-495  (AVDA PORTUGAL) km 13,N,-7.0985830000000005,37.444222,SARAS,P,OM,L-D: 06:00-22:00
HUELVA,VALVERDE DEL CAMINO,VALVERDE DEL CAMINO,21600,"TRAVESIA URBANA VALVERDE A-496 (A-496 KM 1+600), S/N",D,-6.767806,37.578222,"DISAGON, S.L.",P,dm,L-D: 06:00-22:00
HUESCA,LABUERDA,LABUERDA,22360,"A-138 km 50,53",N,0.132528,42.446444,ESTACION DE SERVICIO RV,P,dm,L-D: 06:30-22:30
HUESCA,ALMUDEVAR,ALMUDEVAR,22270,"AVENIDA COOP.SANTIAGO MAXIMO SAMPER, 0",D,-0.588028,42.040111,VIRGEN DE LA CORONA,P,dm,L-D: 24H
HUESCA,BARBASTRO,BARBASTRO,22300,CARRETERA N-240 KM. 160,N,0.118444,42.032194,ALCAMPO,P,dm,L-D: 24H
HUESCA,BENABARRE,BENABARRE,22580,"POLIGONO INDUSTRIAL RIBAGORDA UA8-H1, S/N",N,0.499889,42.106194,PREMIRA,P,dm,L-D: 24H
HUESCA,BINACED,BINACED,22510,"CAMPA SAN ESTEBAN, S/N",I,0.206861,41.829417,"CENTRO DE SERVICIOS AGRICOLAS, S.A.",P,dm,L-D: 24H
HUESCA,BINEFAR,BINEFAR,22500,"CARRETERA N-240 KM. 131,7",I,0.295694,41.845722,REPSOL,P,OM,L-D: 24H
HUESCA,CANDASNOS,CANDASNOS,22591,"AUTOPISTA AP-2 (MRG.DCHO.) KM. 85,5",D,0.042028,41.518139,CEPSA,P,OM,L-D: 24H
HUESCA,GRAUS,VENTAS DE SANTA LUCIA (LAS),22436,"CARRETERA A-139 KM. 5,6",D,0.354722,42.226028,HIPER-OIL,P,dm,L-D: 24H
HUESCA,VILLANOVA,VILLANOVA,22467,"CARRETERA A-139 KM. 51,4",I,0.464639,42.552167,E.S.SIBIERRE,P,dm,L: 07:00-22:00
HUESCA,MONZON,MONZON,22400,"CL AVENIDA LERIDA, 31 (N-240 km 143)",D,0.19675,41.911056,REPSOL,P,OM,L-D: 24H
HUESCA,ESTADILLA,ESTADILLA,22423,CARRETERA BARBASTRO S/N KM. 12,D,0.238556,42.05575,COOP. SAN LORENZO,P,dm,L-S: 08:00-13:00 y 15:00-19:00
HUESCA,FRAGA,FRAGA,22520,"AUTOVIA N II KM. 422,4",I,0.205917,41.520083,GALP,P,OM,L-D: 24H
HUESCA,FRAGA,FRAGA,22520,"POLIGONO SUB 7 BIS, ANTIGUA NII, S/N",I,0.365417,41.524139,BONAREA,P,dm,L-D: 24H
HUESCA,GRADO (EL),GRADO (EL),22390,"CARRETERA A,138 KM. 9,5",D,0.226556,42.144056,EL GRADO ESTACION DE SERVICIO,P,dm,L-D: 24H
HUESCA,GRANEN,GRANEN,22260,C/ AFUERAS S/N,N,-0.367722,41.948306,SECADERO SANTIAGO,P,dm,L-D: 24H
HUESCA,HUESCA,HUESCA,22004,"AVENIDA MARTINEZ DE VELASCO, 53",D,-0.417278,42.131611,REPSOL,P,OM,L-D: 24H
HUESCA,HUESCA,HUESCA,22197,"AUTOVIA A-23 (MRG.IZDO.) KM. 563,9",I,-0.478139,42.092778,CEPSA,P,OM,L-D: 06:00-22:00
HUESCA,JACA,JACA,22700,"AVENIDA REGIMIENTO GALICIA, 10",I,-0.55425,42.566861,REPSOL,P,dm,L-D: 24H
HUESCA,LANAJA,LANAJA,22250,"ACCESO PARTIDA SASO BAJO, S/N",I,-0.32975,41.77575,S.C.L. AGRARIA DE LANAJA,P,dm,L-D: 24H
HUESCA,LOPORZANO,LOPORZANO,22192,"CARRETERA N-240 (A-1227) KM. 201,6",N,-0.325167,42.142972,GALP,P,OM,L-D: 07:00-23:00
HUESCA,PENALBA,PENALBA,22592,"CARRETERA N-II KM. 401,200",I,-0.032806,41.500778,COOPERATIVA LA VALCUERNA,P,dm,L-V: 09:00-13:00; S: 09:00-11:00
HUESCA,SABINANIGO,SABINANIGO,22004,CARRETERA BIESCAS KM. 29,N,-0.360222,42.525639,RUTA SABINANIGO 29,P,dm,L-D: 24H
HUESCA,SARINENA,SARINENA,22200,"CARRETERA CARRETERA A 129 KM. 66,5",I,-0.166139,41.799611,"COMBUSTIBLES  MONEGROS, S.L.",P,dm,L-D: 24H
HUESCA,TAMARITE DE LITERA,TAMARITE DE LITERA,22550,"A-140 km 13,5",I,0.419222,41.863667,ESC,P,dm,L-D: 24H
JAEN,ALCALA LA REAL,ALCALA LA REAL,23680,CARRETERA NAC. 432; CRUCE CRTA. COMARCAL 335 KM. 0,D,-3.935167,37.452417,SHELL,P,dm,L-D: 24H
JAEN,ALCALA LA REAL,ALCALA LA REAL,23680,CR CN-432 km 393.5,N,-3.872389,37.422667,BP,P,dm,L-D: 24H
JAEN,ALCAUDETE,ALCAUDETE,23660,"CALLE ALCALDE FERNANDO TEJERO, S/N",D,-4.0809440000000015,37.587417,REPSOL,P,OM,L: 06:00-23:00
JAEN,ANDUJAR,ANDUJAR,23740,"AVDA. BLAS INFANTE, S/N",N,-4.039583,38.039361,SARAS,P,OM,L-D: 06:00-22:00
JAEN,ARJONILLA,ARJONILLA,23750,"C/CTRA ARJONA, km 58,0",N,-4.097167,37.97175,DISPESUR,P,dm,L-S: 07:00-22:00
JAEN,NAVAS DE SAN JUAN,NAVAS DE SAN JUAN,23240,"CARRETERA NAVAS PUENTE ARIZA KM. 0,25",D,-3.321861,38.183722,REPSOL,P,OM,L-D: 07:00-22:00
JAEN,BAEZA,BAEZA,23440,"CARRETERA 326 KM. 12,1",D,-3.479194,38.002194,BP,P,dm,L-D: 07:00-23:00
JAEN,BAILEN,BAILEN,23710,AUTOVIA E-5/A-4 KM. 288,D,-3.7285,38.1435,BP BAILEN,P,dm,L-D: 24H
JAEN,BEAS DE SEGURA,BEAS DE SEGURA,23280,"POLIGONO INDUSTRIAL EL CORNICABRAL, 516",I,-2.947889,38.269722,SEGUROIL,P,dm,L-V: 07:00-23:00; S-D: 07:00-15:00
JAEN,CAROLINA (LA),CAROLINA (LA),23200,AUTOVIA AUTOVIA DE ANDALUCIA KM. 266,I,-3.591167,38.281917,ORELLANA PERDIZ,P,dm,L: 07:00-23:00
JAEN,SANTISTEBAN DEL PUERTO,SANTISTEBAN DEL PUERTO,23250,"POLIGONO POL. IND.  EL CONDADO. C/ SORIHUELA, S/N",D,-3.176222,38.259944,SEGUROIL SLU,P,dm,L-D: 05:30-10:30
JAEN,JAEN,JAEN,23001,"CARRETERA N-321 KM. 60,3",D,-3.826611,37.784361,REPSOL,P,OM,L-D: 06:30-22:00
JAEN,GUARROMAN,GUARROMAN,23210,AUTOVIA A-5 KM. 303,I,-3.845833,38.079056,ASC SAN CRISTOBAL,P,dm,L-D: 06:30-22:00
JAEN,LINARES,LINARES,23700,"CL AVENIDA DE ESPA?A, 3",I,-3.626222,38.090222,REPSOL,P,OM,L-D: 06:00-22:00
JAEN,VILLANUEVA DEL ARZOBISPO,VILLANUEVA DEL ARZOBISPO,23330,"AVENIDA VALENCIA DE, 116",D,-3.004083,38.172556,REPSOL,P,OM,L-D: 06:00-22:00
JAEN,JABALQUINTO,JABALQUINTO,23712,"CR N-323, 11,9",I,-3.779222,38.023833,REPSOL,P,OM,L-D: 24H
JAEN,JODAR,JODAR,23500,CARRETERA CIRCUNVALACION KM. S/N,D,-3.34725,37.835389,SHELL,P,dm,L-D: 24H
JAEN,LOPERA,LOPERA,23780,CARRETERA COMARCAL 527 KM. 29,I,-4.219722,37.948722,E.S. LOS CABALLOS II,P,dm,L-D: 07:00-21:00
JAEN,MANCHA REAL,MANCHA REAL,23100,"CALLE LA LONJA, 4",D,-3.617778,37.788972,BP,P,dm,L-D: 07:00-23:00
JAEN,MARMOLEJO,MARMOLEJO,23770,"CR N-4, 335,5",D,-4.1659440000000005,38.02708300000001,REPSOL,P,OM,L-D: 07:00-21:00
JAEN,PORCUNA,PORCUNA,23790,"AVENIDA JOAQUIN COSTA, S/N",I,-4.176139,37.872667,REPSOL,P,OM,L-D: 06:00-22:00
JAEN,POZO ALCON,POZO ALCON,23485,"A315 TORREPEROGIL A BAZA km 63,15",N,-2.939667,37.70725,GALP,P,dm,L-S: 06:30-22:00; D: 07:00-22:00
JAEN,PUERTA DE SEGURA (LA),PUERTA DE SEGURA (LA),23360,"POLIGONO LLANOS DE ARMIJO, PARCELA, 4",D,-2.755833,38.361472,ENERGY CARBURANTES,P,dm,L-D: 06:00-23:59
JAEN,QUESADA,QUESADA,23480,"CALLE FONTANEROS (POL.IND.), S/N",I,-3.086194,37.860583,ESFER-OIL,P,dm,L-D: 06:00-22:30
JAEN,UBEDA,UBEDA,23400,"CALLE LEON XIII S/N (N-323 KM. 125,20),",D,-3.367778,38.021944,BP PUERTA DEL SOL,P,dm,L-D: 07:00-23:00
JAEN,SORIHUELA DEL GUADALIMAR,SORIHUELA DEL GUADALIMAR,23270,"AVENIDA ANDALUCIA, S,N",D,-3.051028,38.245778,REPSOL,P,OM,L: 06:00-22:00
CUENCA,HITO (EL),HITO (EL),16441,AUTOVIA DEL ESTE KM. 111,I,-2.714278,39.903833,REPSOL,P,OM,L-D: 07:00-23:00
CUENCA,HONRUBIA,HONRUBIA,16730,AUTOVIA A-3 KM. 168,I,-2.280694,39.602528,BP MOYA - HONRUBIA,P,dm,L-D: 24H
CUENCA,INIESTA,INIESTA,16235,"CALLE SAN  ILDEFONSO, 1",D,-1.75275,39.443528,161100-09363,P,dm,L-D: 24H
CUENCA,MINGLANILLA,MINGLANILLA,16260,"Ctra. N-3 KM 225,7",I,-1.600111,39.533583,PETRONOR,P,OM,L: 07:00-20:00
CUENCA,MOTA DEL CUERVO,MOTA DEL CUERVO,16630,"CALLE CAMINO REAL ALTO, 1",I,-2.870472,39.503139,CAMPSA,P,OM,L-D: 06:00-23:59
CUENCA,MOTILLA DEL PALANCAR,MOTILLA DEL PALANCAR,16200,"CARRETERA ALBACETE, N-320 KM. 72",I,-1.902944,39.553778,NATURGY,P,dm,L-D: 24H
CUENCA,PEDRONERAS (LAS),PEDRONERAS (LAS),16660,"CALLE LA MANCHA, 1",N,-2.673444,39.442444,PEDROHERAS E.S.,P,dm,L-D: 24H
CUENCA,PROVENCIO (EL),PROVENCIO (EL),16670,"C/ TOSTADO, 22",D,-2.575924,39.381699,BODEGAS CAMPOS REALES,P,dm,L-D: 24H
CUENCA,QUINTANAR DEL REY,QUINTANAR DEL REY,16220,"CARRETERA N320 KM. 43,5",I,-1.928833,39.333472,E.S.QUINTANAR,P,dm,L-D: 06:00-22:00
CUENCA,SAN CLEMENTE,SAN CLEMENTE,16600,"CARRETERA NACIONAL 310 KM. 153,3",I,-2.438556,39.392028,REPSOL,P,dm,L-D: 06:00-23:59
CUENCA,TEBAR,TEBAR,16710,AUTOVIA DE VALENCIA km 186,D,-2.158278,39.484444,REPSOL,P,dm,L-D: 24H
CUENCA,VILLANUEVA DE LA JARA,VILLANUEVA DE LA JARA,16230,CARRETERA N-310 KM. 197,D,-1.959667,39.442917,E.S.D VILLANUEVA DE LA JARA,P,dm,L-D: 24H
CUENCA,ZAFRA DE ZANCARA,ZAFRA DE ZANCARA,16771,"CR N-3, 121,3",I,-2.60975,39.872806,REPSOL,P,OM,L-D: 24H
GIRONA,QUART,QUART,17242,"CR C-250, 7,7",N,2.84375,41.933361,REPSOL,P,dm,L-D: 06:00-22:00
GIRONA,ANGLES,ANGLES,17160,"CALLE ILLES1 Y 2, PLAN PARCIAL SECTOR CUC, S/N",N,2.634361,41.958167,SHELL,P,OM,L-D: 24H
GIRONA,ARBUCIES,ARBUCIES,17401,"CARRETERA CARRETERA SANT HILARI ARBUCIES KM 16.300 KM. 16,300",D,2.52,41.817639,CAMPSA,P,OM,L-D: 06:00-23:00
GIRONA,FIGUERES,VILATENIM,17484,CARRETERA FIGUERES A ROSES KM 29 KM. 29,N,2.999944,42.268417,CARREFOUR,P,dm,L-D: 24H
GIRONA,ULLA,ULLA,17140,"CARRETERA C-31 KM. 350,5",I,3.117222,42.045306,REPSOL,P,OM,L-D: 06:00-22:00
GIRONA,BISBAL D'EMPORDA (LA),BISBAL D'EMPORDA(LA),17100,"POLIGONO DE LA AIGUETA, S/N",N,3.031222,41.967528,CONDIS,P,dm,L-D: 24H
GIRONA,JONQUERA (LA),LA JONQUERA,17700,"CARRETERA N-II KM. 773,5",D,2.8785,42.406889,TORTUGA,P,dm,L-D: 24H
GIRONA,ESCALA (L'),ESCALA (L'),17130,"CALLE CLOSA D'EN LLOP, 2",D,3.123222,42.124972,REPSOL L'ESCALA,P,OM,L-D: 24H
GIRONA,LLANCA,LLANCA,17490,"AVENIDA EUROPA, 2",I,3.15075,42.365444,REPSOL,P,OM,L-D: 06:00-22:00
GIRONA,OLOT,OLOT,17800,"CALLE IGNASI BUXO GOU, D', 4",D,2.497139,42.186806,AUTONET&OIL,P,dm,L-D: 24H
GIRONA,PORTBOU,PORTBOU,17497,CARRETERA NACIONAL 260 KM. 1,I,3.165944,42.433694,CEPSA,P,OM,L-D: 08:00-20:00
GIRONA,PUIGCERDA,PUIGCERDA,17520,"CALLE GIRONA, 1",N,1.928583,42.426417,AUTOSERVEI PUIGCERDA,P,dm,L-D: 24H
GIRONA,RIPOLL,RIPOLL,17500,"PASSEIG REGULL, 12",D,2.19075,42.197083,REPSOL,P,OM,L-D: 06:00-22:00
GIRONA,SANT HILARI SACALM,SANT HILARI SACALM,17403,"PASEO FONT DEL CIRERER, 43",N,2.505806,41.87833300000001,"""BP""",P,dm,L-V: 06:00-22:00; S-D: 07:00-22:00
GIRONA,TORROELLA DE FLUVIA,TORROELLA DE FLUVIA,17474,"CARRETERA C-31 KM. 373,4",N,3.038667,42.199556,REDOIL,P,dm,L-V: 07:00-21:00; S: 07:00-15:00
GRANADA,ALBUNOL,ALBUNOL,18700,"A-345 km 64,7",I,-3.182889,36.761972,REPSOL,P,OM,L-D: 07:00-22:00
GRANADA,ALMUNECAR,ALMUNECAR,18690,"AVENIDA AVENIDA DE SALOBRENA, 1",I,-3.687472,36.736917,REPSOL,P,dm,L: 07:00-23:00
GRANADA,BAZA,BAZA,18800,"AVENIDA MURCIA S/N, S/N",I,-2.765278,37.493361,EE SS. VENTA DEL SOL CEPSA,P,dm,L-S: 06:00-23:00; D: 07:00-23:00
GRANADA,BAZA,BAUL,18860,AUTOVIA A-92 KM. 322,I,-2.905611,37.433583,E.S. MIRASIERRA,P,dm,L-D: 24H
GRANADA,CASTRIL,CASTRIL,18816,CARRETERA POZO ALCON-  HUESCAR KM. 30,D,-2.756306,37.817444,REPSOL,P,OM,L-S: 07:00-22:00; D: 08:00-22:00
GRANADA,CULLAR,CULLAR,18850,AUTOVIA A/92 GRANADA MURCIA KM. 354,N,-2.608944,37.554194,BP VENTA DEL PERAL I,P,dm,L: 07:00-23:00
JAEN,VILCHES,VILCHES,23220,"AVENIDA ALMERIA, SN",I,-3.513444,38.217028000000006,REPSOL,P,OM,L-S: 06:00-22:00; D: 08:00-14:00
JAEN,VILLACARRILLO,VILLACARRILLO,23300,CARRETERA MOGON KM. S/N,D,-3.077111,38.110111,JAENCOOP,P,dm,L-D: 06:00-22:00
LEON,ANTIGUA (LA),GRAJAL DE RIBERA,24796,"CARRETERA LE-412 KM. 3,850",D,-5.6467220000000005,42.155861,AVIA,P,dm,L-D: 24H
LEON,CAMPO DE VILLAVIDEL,CAMPO DE VILLAVIDEL,24225,CARRETERA A231 KM. 8,D,-5.520889,42.454889,REPSOL,P,OM,L-D: 07:00-23:00
LEON,ASTORGA,ASTORGA,24700,"CR N-6, 325",D,-6.064389,42.459917,REPSOL,P,OM,L-D: 07:00-23:00
LEON,BANEZA (LA),BANEZA (LA),24750,"AVENIDA PORTUGAL, 46",N,-5.911417,42.292389,GALP,P,dm,L-D: 07:00-00:00
LEON,BEMBIBRE,BEMBIBRE,24300,PARQUE INDUSTRIAL PARCELA H km ...,N,-6.463417,42.618,(SIN ROTULO),P,dm,L-D: 07:00-22:00
LEON,CABREROS DEL RIO,CABREROS DEL RIO,24224,"CAMINO VECINAL VILLANUEVA-PALANQUINOS, S/N",D,-5.529917,42.398806,CAMPSA,P,dm,L-S: 08:00-20:00
LEON,PONFERRADA,PONFERRADA,24400,"AVENIDA DE GALICIA, 241",I,-6.638222,42.565778,VALCARCE,P,dm,L-D: 06:30-23:30
LEON,FABERO,FABERO,24420,"AVENIDA BIERZO, 65",D,-6.631611,42.7625,REPSOL,P,OM,L-D: 07:00-23:00
LEON,HOSPITAL DE ORBIGO,HOSPITAL DE ORBIGO,24286,CARRETERA NACIONAL 120 KM. 335,I,-5.8824440000000005,42.458556,CEPSA,P,dm,L-D: 24H
LEON,LEON,LEON,24009,"AVENIDA SAENZ DE MIERA S/N, S/N",I,-5.577389,42.590833,REPSOL,P,OM,L-D: 10:00-14:00 y 16:00-20:00
LEON,MANSILLA MAYOR,MANSILLA MAYOR,24217,"CARRETERA N-601 KM. 312,4",D,-5.435583,42.523611,GALP,P,OM,L-D: 07:00-23:00
LEON,SANTA MARIA DE LA ISLA,SANTIBANEZ DE LA ISLA,24795,"CALLE EL PARQUE, 9",N,-5.935528,42.375139,COOPERATIVA SAN BLAS,P,dm,L-D: 24H
LEON,RIOSECO DE TAPIA,RIOSECO DE TAPIA,24275,"AT AP-66, 126",I,-5.770944,42.691639,REPSOL,P,OM,L-D: 07:00-23:00
LEON,ROPERUELOS DEL PARAMO,VALCABADO DEL PARAMO,24790,"CARRETERA N-VI KM. 291,3",I,-5.810028,42.234917,CEPSA,P,OM,L-D: 08:00-22:00
LEON,SAHAGUN,SAHAGUN,24320,"AVENIDA FERNANDO DE CASTRO, 39",D,-5.033111,42.368611,"RIALCE, S.L.",P,dm,L-V: 08:00-14:00 y 16:00-20:00; S: 09:00-13:00
LEON,TORAL DE LOS GUZMANES,TORAL DE LOS GUZMANES,24237,CARRETERA VALENCIA DE DON JUAN KM. SN,D,-5.566194,42.251222,SUTECAL,P,dm,L-V: 09:00-13:30 y 16:00-18:30; S: 09:00-13:30
LEON,VEGA DE VALCARCE,PORTELA DE VALCARCE (LA),24524,"A-6, SALIDA 419/420 km 419",I,-6.914083,42.658806,VALCARCE,P,dm,L-D: 24H
LEON,TURCIA,ARMELLADA,24284,"CARRETERA LE-420 KM. 91,5",I,-5.8679169999999985,42.548556,REPSOL,P,dm,L-V: 07:00-22:00; S-D: 08:00-22:00
LEON,VALENCIA DE DON JUAN,VALENCIA DE DON JUAN,24200,"AVENIDA PALANQUINOS, 2",D,-5.515528,42.296694,SAENZ DE MIERA SL,P,dm,L-D: 06:00-00:00
LEON,VILLADANGOS DEL PARAMO,VILLADANGOS DEL PARAMO,24397,"CARRETERA N-120 (LEON-ASTORGA) KM. 322,300",I,-5.756417,42.524861,GALP,P,OM,L-V: 07:00-22:00; S: 09:00-15:00; D: 09:00-23:00
LEON,VILLABLINO,VILLABLINO,24100,"CARRETERA CL-631 KM. 58,500",I,-6.3245,42.934361,SHELL,P,dm,L-D: 07:00-23:00
LEON,VILLAGATON,MANZANAL DEL PUERTO,24369,CARRETERA N - VI KM. 351,I,-6.230444,42.599222,EASYGAS,P,dm,L-D: 24H
LEON,VILLAMANAN,VILLAMANAN,24234,"CARRETERA C-621 KM. 32,78",I,-5.600917,42.323778,SHELL,P,dm,L-D: 24H
LLEIDA,AGRAMUNT,AGRAMUNT,25310,"CENTRO  BONAREA, AVDA. GENERALITAT 10, (P. IND. NAVESMA)",N,1.104649,41.782058,BONAREA,P,dm,L-D: 24H
LLEIDA,ALAMUS (ELS),ALAMUS (ELS),25221,CARRETERA N-II KM. 471,I,0.71775,41.625611,CEPSA,P,dm,L-V: 06:00-23:59; S-D: 08:30-13:30 y 17:00-21:00
LLEIDA,ALFARRAS,ALFARRAS,25120,"CL AVENIDA LERIDA, 75",D,0.568806,41.824,PETRONOR,P,dm,L-D: 24H
LLEIDA,TARREGA,TARREGA,25300,"AVENIDA BARCELONA, 26",N,1.149694,41.652472,BONAREA,P,dm,L-D: 24H
LLEIDA,ARTESA DE SEGRE,ARTESA DE SEGRE,25730,"CARRETERA C-14 KM. 102,100",D,1.050194,41.8895,FARRE OIL,P,dm,L-D: 06:30-22:00
LLEIDA,BAUSEN,BAUSEN,25549,CR N-230 186,I,0.72975,42.832111,REPSOL,P,OM,L-D: 24H
LLEIDA,BELLCAIRE D'URGELL,BELLCAIRE D'URGELL,25337,"CARRETERA COMARCAL 148 KM. 20,500",D,0.915694,41.754333,REPSOL,P,dm,L: 07:00-22:00
LLEIDA,BELLPUIG,BELLPUIG,25250,"CARRETERA LV3344 KM. 1,5",I,1.000306,41.644444,E.S.ARENES BELLPUIG,P,dm,L-D: 24H
LLEIDA,BELLVER DE CERDANYA,BELLVER DE CERDANYA,25720,"CARRETERA C-16 KM. 136,6",I,1.832806,42.346556,REPSOL,P,OM,L-D: 06:00-22:00
LLEIDA,BORGES BLANQUES (LES),BORGES BLANQUES (LES),25400,"N-240  (C. C. BON AREA) km 71,15",I,0.8427049999999999,41.532891,BONAREA,P,dm,L-D: 24H
LLEIDA,ORGANYA,ORGANYA,25794,"CR C-14, 162",D,1.33025,42.212111,PETRONOR,P,dm,L: 06:00-22:00
LLEIDA,ESTERRI D'ANEU,ESTERRI D'ANEU,25580,CARRETERA C-13 KM. 158,D,1.126333,42.60875,CEPSA,P,dm,L-D: 08:00-14:00 y 15:30-20:00
LLEIDA,GUISSONA,GUISSONA,25210,"CARRETERA DE PONTS KM. 15,1",D,1.287583,41.789278,REPSOL,P,OM,L-D: 07:00-23:00
LLEIDA,TREMP,VILAMITJANA,25654,CARRETERA ARTESA DE SEGRE A TREMP KM. 51,I,0.930444,42.141611,BONAREA,P,dm,L-D: 24H
LLEIDA,JUNCOSA,JUNCOSA,25165,"PLAZA MAJOR, 8",D,0.7750279999999999,41.371639,COOP.JUNCOSA,P,dm,L-S: 08:00-19:00
LLEIDA,LLARDECANS,LLARDECANS,25186,"CALLE FLIX, 0",D,0.551222,41.372444,VERGE LORETO,P,dm,L-D: 24H
LLEIDA,SEU D'URGELL (LA),SEU D'URGELL (LA),25700,"AVENIDA VALIRA, 27",D,1.454972,42.360389,REPSOL,P,dm,L-D: 07:00-21:00
LLEIDA,VIELHA E MIJARAN,BETREN,25539,Ctra.C-142 km s/n,D,0.8058609999999999,42.696583,PETROCAT,P,OM,L-D: 24H
LLEIDA,SOLSONA,SOLSONA,25280,"CARRETERA MANRESA KM. 78,100",I,1.550028,41.985444,BONAREA,P,dm,L-D: 24H
LLEIDA,PONTS,PONTS,25740,"CR C-14, 117,10",I,1.191222,41.92075,ONDINA DEL SEGRE,P,dm,L-D: 24H
LLEIDA,SORT,SORT,25560,"POLIGONO ELS SALANCONS, 1",D,1.130944,42.406139,BONAREA,P,dm,L-D: 24H
BARCELONA,MONTMANEU,MONTMANEU,8717,CARRETERA NACIONAL II KM. 532,I,1.399361,41.61775,LA PANADELLA,P,dm,L-D: 24H
LLEIDA,TORA,TORA,25750,"CTRA. ANDORRA, S/N (C1412 km 23,42)",D,1.40225,41.810694,E.S.MAS,P,dm,L-D: 07:00-22:00
LUGO,FOZ,FOZ,27780,"RUA MIGUEL DE CERVANTES, 44",D,-7.260111,43.57183300000001,LA OLA,P,dm,L-D: 07:00-23:00
LUGO,CASTROVERDE,CASTROVERDE,27120,"CR LU-530  P.K. 20,60 D",D,-7.326361,43.030139,ESTACION DE SERVICIO LA FORTALEZA,P,dm,L-D: 07:00-23:00
LUGO,CHANTADA,CHANTADA,27500,"AVENIDA LUGO (DE), 99",D,-7.766,42.61252800000001,REPSOL,P,OM,L-D: 07:00-23:00
LUGO,LUGO,LUGO,27003,"AVENIDA LA CORUNA, 310",D,-7.567166999999999,43.025667,REPSOL,P,OM,L-D: 06:00-23:00
LUGO,GUNTIN,VEIGA (A),27210,"CTRA. LOUSADA  - A VEIGA km 0,100",I,-7.662222,42.914667,CEPSA,P,dm,L: 07:00-23:00
MALAGA,MALAGA,MALAGA,29016,CARRETERA COMARCAL COIN-MALAGA KM. 89,D,-4.502306,36.66088900000001,BP SAN ISIDRO,P,dm,L-D: 24H
MADRID,SAN LORENZO DE EL ESCORIAL,SAN LORENZO DE EL ESCORIAL,28200,"AUTOPISTA AP-6 KM. 42,3",D,-4.038167,40.643667,CEPSA,P,OM,L-D: 24H
MADRID,MIRAFLORES DE LA SIERRA,MIRAFLORES DE LA SIERRA,28792,"CARRETERA M -611 KM. 7,6   GENERAL SANJURJO KM. 7,6",D,-3.7705,40.81,EDV,P,dm,L-D: 06:00-00:00
MADRID,MOLAR (EL),MOLAR (EL),28710,"AUTOVIA N-1 KM. 40,2",I,-3.57875,40.713639,REPSOL,P,dm,L-D: 24H
MADRID,NAVALCARNERO,NAVALCARNERO,28600,"CALLE ZACARIAS (DE), 20",D,-4.01,40.295111,CHEAPOIL,P,dm,L-D: 24H
MADRID,PERALES DE TAJUNA,PERALES DE TAJUNA,28540,"CARRETERA N-3 KM. 39,2",I,-3.347528,40.229722,REPSOL,P,dm,L: 06:00-22:00
MADRID,SAN MARTIN DE VALDEIGLESIAS,SAN MARTIN DE VALDEIGLESIAS,28680,"AVENIDA DE MADRID, 34",N,-4.391778,40.358472,SUPECO,P,dm,L-D: 24H
MADRID,BUITRAGO DEL LOZOYA,BUITRAGO DEL LOZOYA,28730,"PLAZA HUERTA DE LAS FLORES, 2",D,-3.637528,40.997889,CEPSA,P,dm,L-D: 08:00-22:00
MADRID,SOMOSIERRA,SOMOSIERRA,28756,"AUTOVIA A-1 KM. 92,5",D,-3.580806,41.134917,CEPSA,P,OM,L-D: 07:00-23:00
MADRID,SOTO DEL REAL,SOTO DEL REAL,28791,CARRETERA M-609 KM. 3,I,-3.792806,40.717917,BP E.S. SOTO II (IZQDO),P,dm,L-D: 06:00-22:00
MADRID,VILLA DEL PRADO,VILLA DEL PRADO,28630,"CARRETERA M-507 KM. 27,5",I,-4.301667,40.279472,CEPSA,P,OM,L-D: 07:00-23:00
MADRID,VILLANUEVA DE PERALES,VILLANUEVA DE PERALES,28609,"CARRETERA M-501 KM. 26,800",I,-4.092583,40.379556,GALP,P,OM,L-D: 06:00-22:00
MADRID,VILLAREJO DE SALVANES,VILLAREJO DE SALVANES,28590,"AUTOVIA A-3 KM. 49,3",I,-3.285472,40.167722,CEPSA,P,OM,L-D: 24H
MALAGA,VELEZ-MALAGA,VELEZ-MALAGA,29700,"CL AVDA. VIVAR TELLEZ, 26",D,-4.100278,36.776417,LOS REMEDIOS,P,dm,L-D: 24H
MURCIA,CARAVACA DE LA CRUZ,CARAVACA DE LA CRUZ,30400,"CARRETERA GRANADA, P.J. SANTA INES KM. 1",N,-1.867944,38.089472,GALP,P,dm,L-D: 24H
MURCIA,CALASPARRA,CALASPARRA,30420,"CARRETERA C-3314 KM. 14,100",I,-1.7350279999999998,38.205417,EUROSOL,P,dm,L-D: 06:00-22:00
MURCIA,ABARAN,ABARAN,30550,MU-413 km 2,D,-1.37772,38.207268,LAS COLONIAS,P,dm,L-D: 24H
MURCIA,FORTUNA,FORTUNA,30620,"CALLE POL. INDUST. FORTUNA, C/ APOLO, 10",N,-1.124722,38.149417,RENESUR GR,P,dm,L-D: 06:30-14:29 y 14:30-22:30
MURCIA,FUENTE ALAMO DE MURCIA,FUENTE ALAMO,30320,"E-12 km 5,7",I,-1.123556,37.74675,EL MARINO,P,dm,L-D: 24H
MURCIA,JUMILLA,JUMILLA,30520,"AVENIDA LEVANTE (DE), 42",D,-1.321806,38.475028,ESTACION DE SERVICIO LEVANTE,P,dm,L-D: 24H
MURCIA,MAZARRON,MAZARRON,30870,"AVENIDA DE LAS MORERAS, S/N",N,-1.316611,37.592972,RASPA-OIL (SERV. ATENDIDO),P,dm,L-D: 06:00-23:00
MURCIA,MORATALLA,MORATALLA,30440,"CARRETERA CALASPARRA (DE) KM. 14,257",D,-1.881833,38.190583,E.S. SOMARES S.L.,P,dm,L-D: 06:00-22:30
MURCIA,MULA,MULA,30170,AUTOVIA DEL NOROESTE KM. 17,D,-1.416278,38.032944,LOS LLANOS II,P,dm,L-D: 06:00-22:00
MURCIA,MULA,MULA,30170,"CARRETERA DE PLIEGO, S-No KM. 1",I,-1.499194,38.027806,ESSER,P,dm,L: 06:00-22:00
MURCIA,MURCIA,CANADA HERMOSA,30837,AUTOVIA AUTOVIA DEL NOROESTE KM. 8,D,-1.3376940000000002,38.007389,REPSOL,P,dm,L: 06:00-22:00
MURCIA,MURCIA,BANOS Y MENDIGO,30153,"SAN JAVIER km 1,2",D,-1.107194,37.867139,AIREMAR I,P,dm,L-D: 24H
MURCIA,CARTAGENA,CABO DE PALOS,30370,CTRA. CABO DE PALOS A LA MANGA km S/No,I,-0.707917,37.635167,SHELL,P,OM,L-V: 07:00-22:00; S: 09:00-14:00
MURCIA,TORRE-PACHECO,ROLDAN,30709,"CARRETERA LOS MARTINEZ DEL PUERTO, RM F21 KM. 9,5",I,-1.021583,37.810056,F21,P,dm,L: 06:00-22:00
MURCIA,YECLA,YECLA,30510,"C-3314 Km. 64,9",N,-1.102611,38.614667,GALP,P,OM,L-D: 06:00-23:00
NAVARRA,CASCANTE,CASCANTE,31520,"CR N-121  C, 10",D,-1.676361,41.993278,REPSOL,P,OM,L-D: 06:00-22:00
NAVARRA,ALLO,ALLO,31262,"CARRETERA ESTELLA KM. 11,8",N,-2.022194,42.571139,AVIA,P,dm,L-D: 24H
RIOJA (LA),CALAHORRA,CALAHORRA,26500,CARRETERA SAN ADRIAN S/N KM.,D,-1.953694,42.31225,ADELFAS,P,dm,L-D: 06:00-22:00
NAVARRA,PAMPLONA/IRUNA,PAMPLONA/IRUNA,31006,"CALLE SADAR S/N, S/N",D,-1.6455830000000002,42.797694,REPSOL,P,dm,L-D: 24H
NAVARRA,LARRAUN,GORRITI,31877,"AUTOVIA A-15 (MRG.DCHO.) KM. 134,4",D,-1.955944,43.058806,CEPSA,P,OM,L-D: 24H
NAVARRA,ARAKIL,ETXARREN,31868,CR A-10    AUTOVIA DE LA BARRANCA,D,-1.863028,42.9125,REPSOL,P,OM,L-D: 06:00-22:00
NAVARRA,ARCOS (LOS),ARCOS (LOS),31210,"CALLE JOAQUIN MARIA GASTON, 12",N,-2.194278,42.573972,CAN S.L.,P,dm,L-D: 24H
NAVARRA,CASTEJON,CASTEJON,31590,CARRETERA N-113 KM. 77,D,-1.696611,42.179222,AN ENERGETICOS CASTEJON,P,dm,L-D: 24H
NAVARRA,ARTAJONA,ARTAJONA,31140,"TRAVESIA SAN ISIDRO LABRADOR, S/N",N,-1.766083,42.586972,AN ENERGETICOS ARTAJONA,P,dm,L-D: 24H
NAVARRA,BAZTAN,MUGAIRI(ORONOZ),31720,"CR N-121, 48",D,-1.611139,43.137472,AVIA,P,dm,L-D: 24H
NAVARRA,LESAKA,LESAKA,31770,"ZIOBI,6. POL. INDUSTRIAL ALKAIAGA",D,-1.6921669999999998,43.279444,NEUMATICOS BIDASOA,P,dm,L-V: 08:00-20:00; S: 08:00-14:00
NAVARRA,BERBINZANA,BERBINZANA,31252,CTRA. LERIN S/N,N,-1.837889,42.522889,ENERGETICOS BERBINZANA,P,dm,L-D: 24H
NAVARRA,BUNUEL,BUNUEL,31540,"CAMINO INIGO ARISTA S/N, S/N",N,-1.454667,41.980389,ENERGETICOS BUNUEL,P,dm,L-D: 24H
NAVARRA,TUDELA,TUDELA,31500,CARRETERA CTRA. ZARAGOZA KM. S/N,N,-1.588,42.0355,EROSKI,P,dm,L-S: 09:30-22:00
NAVARRA,CAPARROSO,CAPARROSO,31380,CARRETERA NACIONAL 121 KM. 56,D,-1.650389,42.350722,CEPSA,P,dm,L-V: 06:00-01:00; S: 06:00-22:00; D: 07:00-22:00
NAVARRA,CINTRUENIGO,CINTRUENIGO,31592,"CARRETERA N-113 KM. 91,5",D,-1.79675,42.076944,CEPSA,P,OM,L-D: 07:00-23:00
ZARAGOZA,AGON,AGON,50560,"CARRETERA N-122 KM. 53,5",D,-1.4194440000000002,41.840056,REPSOL,P,dm,L-D: 06:00-22:00
MALAGA,ALHAURIN EL GRANDE,ALHAURIN EL GRANDE,29120,"CARRER COMARCAL 344 KM 72.200, 72200",D,-4.676611,36.646944,BP LA PENITA,P,dm,L-D: 24H
MALAGA,ANTEQUERA,ANTEQUERA,29200,"LUGAR RESIDENCIA DE LA VEGA, 1",I,-4.538417,37.026861,PETROPRIX,P,dm,L-D: 24H
MALAGA,CASABERMEJA,CASABERMEJA,29160,"A-45 km 147,8",I,-4.429333,36.897833,CEPSA,P,OM,L-D: 06:00-00:00
MALAGA,ANTEQUERA,ANTEQUERA,29200,"CARRETERA A-45 KM. 111,5",I,-4.464861,36.986889,REPSOL,P,OM,L-D: 24H
MALAGA,ARCHIDONA,ARCHIDONA,29300,"AVENIDA PABLO PICASSO,, 42",D,-4.379333,37.095083,AGLA,P,dm,L-D: 06:00-23:00
MALAGA,ARDALES,ARDALES,29550,"POLIGONO POL. INDUSTRIAL ARDALES PARCELA 1, 1",I,-4.845389,36.884861,AGLA,P,dm,L-D: 24H
MALAGA,RONDA,RONDA,29400,"CALLE DON FRANCISCO CARRILLO DE MENDOZA Y MORALES, 1",D,-5.153194,36.754361,MEROIL,P,dm,L-D: 24H
MALAGA,CAMPILLOS,CAMPILLOS,29320,CARRETERA JEREZ-CARTAGENA KM. 62,D,-4.868583,37.052194,SMART OIL,P,dm,L-D: 24H
MALAGA,COIN,COIN,29100,"AVENIDA REINA SOFIA, S/N",D,-4.746917,36.664278,BALLENOIL,P,dm,L-D: 24H
MALAGA,MARBELLA,MARBELLA,29600,"AVENIDA SEVERO OCHOA, 55",I,-4.873778,36.509306,CEPSA,P,OM,L-D: 06:00-23:59
MALAGA,NERJA,NERJA,29780,"CALLE PAGO CASTILLO ALTO, 1",D,-3.885528,36.755389,BALLENOIL,P,dm,L-D: 24H
MALAGA,HUMILLADERO,HUMILLADERO,29531,CARRETERA A-92 KM. 135,D,-4.693528,37.131944,CEPSA,P,dm,L-D: 24H
MALAGA,GUARO,GUARO,29108,CARRETERA GUARO - COIN KM. 1,N,-4.830389,36.662778,(SIN ROTULO),P,dm,L-D: 07:00-22:00
MALAGA,RIOGORDO,RIOGORDO,29180,"CR. A356 km 18,7",I,-4.2756669999999986,36.92375,"""E.S. EL CAMPILLO"" (AGLA, RIOGORDO)",P,dm,L-D: 07:00-23:00
MALAGA,SIERRA DE YEGUAS,SIERRA DE YEGUAS,29328,"CALLE CRUZ, 67",N,-4.872972,37.12383300000001,AGLA - SIERRA YEGUAS,P,dm,L-D: 24H
MALAGA,TORROX,TORROX-COSTA,29793,CARRETERA MALAGA-ALMERIA KM. 282,I,-3.978444,36.735306,REPSOL,P,dm,L-S: 08:00-21:00
MALAGA,VELEZ-MALAGA,CAJIZ,29792,"AUTOVIA DEL MEDITERRANEO (A-7) KM. 264,5",D,-4.18,36.743306,CEPSA,P,dm,L-D: 24H
MALAGA,VILLANUEVA DEL TRABUCO,VILLANUEVA DEL TRABUCO,29313,AUTOVIA A92M KM. 8,I,-4.326944,37.067778,REPSOL,P,dm,L-D: 24H
MURCIA,ABANILLA,ABANILLA,30640,"AVENIDA REGION DE MURCIA, 30",I,-1.04225,38.203556,ER RENESUR,P,dm,L-D: 06:00-22:00
MURCIA,AGUILAS,AGUILAS,30880,"CTRA. DE LORCA, No 2 (C-3211A km 94,6)",I,-1.586222,37.40875,CEPSA,P,OM,L-D: 24H
MURCIA,BULLAS,BULLAS,30180,"POLIGONO VALLE GUADALENTIN, S/N",N,-1.65825,38.055972,ESSER,P,dm,L-V: 06:00-22:00; S-D: 07:00-22:00
MURCIA,CARTAGENA,BELONES (LOS),30385,CARRETERA MU-312 KM. 11,D,-0.794778,37.627889,CEPSA,P,OM,L: 24H
LUGO,MONFORTE DE LEMOS,MONFORTE DE LEMOS,27400,"AVENIDA GALICIA, 41",D,-7.513056,42.51975,REPSOL,P,OM,L-D: 07:00-00:00
LUGO,SARRIA,SARRIA,27600,"CARRETERA C-546 KM. 30,12",N,-7.438472,42.737972,E.S. A VALINA,P,dm,L-D: 24H
LUGO,VILALBA,VILALBA,27800,"CALLE CAMPO DEL PUENTE, SN",D,-7.672333,43.302639,REPSOL,P,OM,L-D: 07:00-23:00
LUGO,VIVEIRO,VIVEIRO,27850,"CALLE SAN LAZARO, 3",D,-7.591806,43.667167,REPSOL,P,OM,L-D: 07:00-23:00
MADRID,CABRERA (LA),CABRERA (LA),28751,"AVENIDA AVDA. DE LA CABRERA S/N JUNTO AL HOSTAL EL CANCHO DEL AGUILA (A-1 KM 60), S/N",N,-3.602389,40.875833,SHELL,P,OM,L-D: 24H
MADRID,COLMENAR DEL ARROYO,COLMENAR DEL ARROYO,28213,"CR M-501, 34,1",D,-4.170167,40.382444,REPSOL,P,OM,L-D: 07:00-23:00
MADRID,LOZOYA,LOZOYA,28742,"CARRETERA M-604 KM. 14,100",D,-3.784111,40.955389,REPSOL,P,dm,L: 07:00-23:00
SALAMANCA,SALAMANCA,SALAMANCA,37008,"AVENIDA ALDEHUELA, 10",D,-5.65325,40.957972,REPSOL,P,dm,L-D: 06:30-22:30
SALAMANCA,CIUDAD RODRIGO,CIUDAD RODRIGO,37500,"AVENIDA SALAMANCA, S/N",I,-6.5288059999999986,40.604111,CAMPSA,P,OM,L-D: 24H
SALAMANCA,SANCTI-SPIRITUS,SANCTI-SPIRITUS,37470,"N-620 km 309,2",D,-6.416278,40.697972,SHELL,P,OM,L-D: 24H
SALAMANCA,FRESNO ALHANDIGA,FRESNO-ALHANDIGA,37789,"CTRA. N-630 KM 372, D",D,-5.623083,40.70025,REPSOL,P,dm,L-D: 07:00-23:00
SALAMANCA,MARTIN DE YELTES,MARTIN DE YELTES,37494,AUTOVIA A-62 KM. 297,D,-6.286972,40.772056,CEPSA,P,OM,L-D: 24H
SALAMANCA,FUENTES DE ONORO,NUEVO POBLADO,37480,"CARRETERA N-620 KM. 351,0",D,-6.818167,40.602611,GALP,P,dm,L-D: 08:00-22:00
SALAMANCA,GUIJUELO,GUIJUELO,37770,"CALLE FILIBERTO VILLALOBOS, 215",D,-5.670556,40.564361,REPSOL,P,OM,L-V: 07:00-23:00; S-D: 09:00-22:00
SALAMANCA,PEDROSILLO EL RALO,PEDROSILLO EL RALO,37427,AUTOVIA A-62 KM. 225,D,-5.543917,41.057444,CEPSA,P,OM,L-D: 24H
SALAMANCA,VITIGUDINO,VITIGUDINO,37210,CARRETERA FREGENEDA KM. 68,I,-6.432917,41.012833,CEPSA,P,dm,L-D: 07:00-23:00
SEVILLA,SEVILLA,SEVILLA,41012,"AVENIDA MOLINI, 3",N,-5.988139,37.369361,GALP,P,dm,L-D: 24H
SEGOVIA,BOCEGUILLAS,BOCEGUILLAS,40560,"CARRETERA NACIONAL 1 PARCELA 402 KM. 116,7",D,-3.633667,41.329417,BEROIL,P,dm,L-D: 24H
SEGOVIA,CANTALEJO,CANTALEJO,40320,"CALLE CTRA. ARANDA, 4",D,-3.928306,41.264,G CANTALEJO,P,dm,L-D: 24H
SEGOVIA,CARBONERO EL MAYOR,CARBONERO EL MAYOR,40270,"CR CL-601, 83,7",D,-4.263333,41.11775,CAMPSA,P,dm,L-D: 07:00-22:00
SEGOVIA,CEREZO DE ABAJO,CEREZO DE ABAJO,40591,"CR N-1, 103",I,-3.591083,41.21908300000001,PETRONOR,P,dm,L-D: 07:00-15:00 y 15:01-23:00
SEGOVIA,CUELLAR,CUELLAR,40200,CARRETERA VALLADOLID S/N FINCA 16114 KM. 148,D,-4.3269720000000005,41.405972,EL SURTIDOR,P,dm,L-D: 24H
SEGOVIA,ESPINAR (EL),ESPINAR (EL),40400,"CALLE LOS LLANOS, 1",I,-4.258778,40.721389,CARLOS DIEZ SEGOVIA,P,dm,L-D: 24H
SEGOVIA,SEGOVIA,SEGOVIA,40002,"PASEO EZEQUIEL GONZALEZ, 28",D,-4.122944,40.946111,REPSOL,P,dm,L-D: 24H
AVILA,ESPINOSA DE LOS CABALLEROS,ESPINOSA DE LOS CABALLEROS,5296,"CR A-6, 118,5",D,-4.664472,41.010083,REPSOL,P,OM,L-D: 07:00-23:00
VALLADOLID,SAN MIGUEL DEL ARROYO,SAN MIGUEL DEL ARROYO,47164,"CARRETERA CL-601 KM. 35,5",D,-4.453833,41.43933300000001,CEPSA,P,dm,L-D: 06:00-22:00
SEGOVIA,VILLACASTIN,VILLACASTIN,40150,"CR N-6, 88",D,-4.464,40.797778,BP VILLACASTIN (DCHA),P,dm,L-D: 24H
SEGOVIA,VILLACASTIN,VILLACASTIN,40150,AUTOPISTA AP-6 KM. 80,D,-4.397611,40.771972,BP VILLACASTIN NORTE,P,OM,L-D: 24H
SEVILLA,AGUADULCE,AGUADULCE,41550,AUTOVIA A-92 KM. 97,D,-4.959194,37.263528,CEPSA,P,OM,L-D: 24H
SEVILLA,UTRERA,UTRERA,41710,"PLAZA TRIANILLA (DE LA), S/N",D,-5.78725,37.187056,CEPSA,P,dm,L-S: 07:00-22:00; D: 09:00-14:00
SEVILLA,PARADAS,PARADAS,41610,CARRETERA A-92 KM. 45,I,-5.500389,37.270056,SHELL,P,OM,L-D: 24H
SEVILLA,PILAS,PILAS,41840,"AVENIDA DEL ALJARAFE,, 98",N,-6.289722,37.301917,E.S.ALCARAYON (BP OIL),P,dm,L-D: 24H
SORIA,SORIA,SORIA,42003,"CALLE FUEROS DE SORIA, 2",D,-2.471139,41.761389,REPSOL,P,dm,L-D: 07:30-21:30
SEVILLA,BRENES,BRENES,41310,"AVENIDA DE SEVILLA, S/N",I,-5.878111,37.543417,CEPSA,P,OM,L-J: 06:00-22:00; V-S: 06:00-22:30; D: 07:00-22:00
SEVILLA,CABEZAS DE SAN JUAN (LAS),CABEZAS DE SAN JUAN (LAS),41730,"AVENIDA JESUS NAZARENO, 99",D,-5.94025,36.99225,LAVABU,P,dm,L-D: 24H
NAVARRA,ESTELLA/LIZARRA,ESTELLA O LIZARRA,31200,"CALLE MERKATONDOA, 7",N,-2.031194,42.663028,EROSKI,P,dm,L-D: 24H
SEVILLA,FUENTES DE ANDALUCIA,FUENTES DE ANDALUCIA,41420,"CALLE MAESTRO JUAN RUIZ, 1",D,-5.350444,37.472333,AGLA,P,dm,L-D: 24H
SEVILLA,CANTILLANA,CANTILLANA,41320,"CR SE-126, 0,5",D,-5.820083,37.605389,REPSOL,P,dm,L-D: 24H
SEVILLA,VISO DEL ALCOR (EL),VISO DEL ALCOR (EL),41520,CARRETERA TOCINA km 2,I,-5.73525,37.4,TALA FOODS,P,dm,L: 05:30-00:00
SEVILLA,CARMONA,CARMONA,41410,"CALLE SEVILLA, 82",D,-5.650389,37.467389,REPSOL,P,OM,L-D: 07:00-23:00
SEVILLA,CARMONA,CARMONA,41410,"AUTOVIA A-92 KM. 24,000",I,-5.711278,37.296194,CEPSA,P,dm,L-D: 06:00-22:00
SEVILLA,HUEVAR DEL ALJARAFE,HUEVAR,41830,"URBANIZACION VIRGEN DEL ROCIO, 7",D,-6.270222,37.363306,REPSOL,P,dm,L-S: 07:00-22:00; D: 08:00-22:00
SEVILLA,CASARICHE,CASARICHE,41580,"CALLE CARBONEROS, 6",D,-4.779,37.290556,GACOSUR FUELCAS 24H,P,dm,L-D: 24H
SEVILLA,CAZALLA DE LA SIERRA,CAZALLA DE LA SIERRA,41370,CARRETERA A-455 KM. 0,D,-5.7589440000000005,37.936528,CEPSA,P,dm,L-S: 07:00-15:30
SEVILLA,CORONIL (EL),CORONIL (EL),41760,CARRETERA A-375 KM. 24,D,-5.608639,37.017917,SOL,P,dm,L-V: 06:00-22:00; S-D: 07:00-22:00
SEVILLA,CORRALES (LOS),CORRALES (LOS),41657,"LOS CORRALES - M. JARA (CTRA. A-360 km 102,6)",I,-4.974944,37.101917,AGLA,P,dm,L-S: 07:00-22:00; D: 08:00-21:00
SEVILLA,CUERVO DE SEVILLA (EL),CUERVO DE SEVILLA (EL),41749,"CALLE TORNERO, 4",N,-6.034944,36.858111,HERBI ENERGIA,P,dm,L-D: 24H
SEVILLA,ECIJA,ECIJA,41400,CARRETERA E-5/A-4 KM. 460,D,-5.143778,37.523194,CEPSA,P,dm,L-D: 06:00-22:00
SEVILLA,ESTEPA,ESTEPA,41560,"CL AVDA. BADIA POLESINE , 49",I,-4.883389,37.298667,REPSOL,P,dm,L-D: 24H
SEVILLA,GERENA,GERENA,41860,CTRA-A-477 km 7,D,-6.162389,37.527694,LIBRE,P,dm,L-D: 06:30-22:30
SEVILLA,GILENA,GILENA,41565,"CARRETERA CTRA. SE-491, GILENA-PEDRERA KM. 11,0 KM. 11",D,-4.904972,37.234806,AGLA,P,dm,L-D: 07:00-22:00
SEVILLA,GUILLENA,GUILLENA,41210,"CARRETERA SE-180 KM. 10,6",D,-6.054917,37.535139,REPSOL,P,OM,L-D: 06:00-22:00
SEVILLA,LEBRIJA,LEBRIJA,41740,"AVENIDA JOSE FERNANDEZ RUIZ, 60",I,-6.065778,36.920194,CEPSA,P,dm,L-D: 24H
SEVILLA,LORA DEL RIO,LORA DEL RIO,41440,"POLIGONO POLIGONO INDUSTRIAL MATALLANA C/ CARRETERIA, 3",D,-5.548361,37.651778,LOW COST LA MOVIL,P,dm,L-D: 24H
SEVILLA,MARCHENA,MARCHENA,41620,"CR A92 km 62,2",D,-5.323028,37.228972,REPSOL,P,OM,L-D: 24H
SEVILLA,MARINALEDA,MARINALEDA,41569,"CARRETERA CTRA. ECIJA- LA RODA, C-3310 KM. 36,600",I,-4.963861,37.369639,SANTIAGO,P,dm,L: 06:00-22:00
SEVILLA,MORON DE LA FRONTERA,MORON DE LA FRONTERA,41530,"CALLE DE LA TRILLA, 1",N,-5.461528,37.125722,GALP,P,dm,L-D: 07:00-23:00
SEVILLA,OSUNA,OSUNA,41640,"CALLE ALFONSO XII, 62",D,-5.113167,37.23875,CEPSA,P,dm,L-D: 06:00-22:00
SEVILLA,PUEBLA DE LOS INFANTES (LA),PUEBLA DE LOS INFANTES,41479,"CARRETERA SE-141 KM. 11,325",N,-5.389972,37.788389,AGLA,P,dm,L-S: 06:00-21:00; D: 08:00-21:00
SEVILLA,RODA DE ANDALUCIA (LA),RODA DE ANDALUCIA (LA),41590,"CARRETERA MALAGA, GRANADA, SEVILLA KM. 124,90",I,-4.777056,37.214444,REPSOL,P,OM,L-S: 07:00-22:00
SEVILLA,TOCINA,ROSALES (LOS),41340,"CALLE JOVELLANOS, 10",N,-5.737889,37.596639,RED CAR OIL,P,dm,L-D: 24H
SORIA,AGREDA,AGREDA,42100,"CR N-122, 102",I,-1.926472,41.853917,REPSOL,P,OM,L-D: 07:00-23:00
SORIA,ARCOS DE JALON,ARCOS DE JALON,42250,"AUTOVIA A-2 KM. 170,2",D,-2.260194,41.223944,CEPSA,P,OM,L-D: 07:00-23:00
SORIA,BURGO DE OSMA-CIUDAD DE OSMA,BURGO DE OSMA (EL),42300,"CR N-122, 210",D,-3.058417,41.586833,REPSOL,P,dm,L-D: 07:00-23:00
SORIA,MEDINACELI,LODARES,42248,AUTOVIA A-2 KM. 154,I,-2.403972,41.189222,REPSOL,P,OM,L-V: 24H; S: 00:00-21:00; D: 09:00-00:00
PONTEVEDRA,AGOLADA,MARCELIN,36528,"CARRETERA PO-840 KM. 67,300",D,-8.026028,42.77408300000001,SHELL,P,dm,L-J: 06:00-23:00; V-S: 24H; D: 06:00-23:00
PONTEVEDRA,ARBO,ARBO,36430,"CARRETERA PO-405, BAJADA PUENTE INTERNACIONAL KM 1 KM. 1",I,-8.300528,42.111722,MELRO,P,dm,L-D: 07:00-00:00
PONTEVEDRA,MOS,TAMEIGA (SAN MARTINO),36416,AUTOVIA A-55 KM. 10,I,-8.651694,42.193861,EXGA,P,OM,L-D: 24H
PONTEVEDRA,CANIZA (A),CANIZA (A),36880,"CARRETERA CARRETERA CANIZA - CRECIENTE S/N KM. 0,50",D,-8.267611,42.207083,REPSOL,P,dm,L-D: 24H
PONTEVEDRA,CERDEDO,CERDEDO,36130,CARRETERA N-541 KM. 65,I,-8.40525,42.532444,REPSOL,P,OM,L-D: 07:00-23:00
PONTEVEDRA,ESTRADA (A),ESTRADA (A),36680,"CL SAN PELAY0, 73",D,-8.490111,42.695278,REPSOL,P,OM,L-D: 07:00-23:00
PONTEVEDRA,GONDOMAR,MANOFRE-FONTAN,36380,"CARRER PKM 23,400, 7",I,-8.770972,42.112,REPSOL,P,OM,L: 07:00-23:00
PONTEVEDRA,GUARDA (A),SALCIDOS,36789,"CL SAN ROQUE, 33",I,-8.852611,41.910778,REPSOL,P,dm,L-D: 24H
PONTEVEDRA,LALIN,LALIN,36500,"CALLE RUA DO RIO, S/N, S/N",N,-8.121583,42.664806,REPSOL,P,dm,L: 09:00-23:00
PONTEVEDRA,PONTEAREAS,PONTEAREAS,36860,CARRETERA REDONDELA KM. 1,D,-8.500111,42.170389,CARBUNOR,P,dm,L-D: 06:30-23:00
PONTEVEDRA,RODEIRO,RODEIRO,36530,CRTA. A GUDINA-LALIN  (C-533) km 171,D,-7.95325,42.649639,MEROIL,P,dm,L-D: 07:00-23:00
PONTEVEDRA,SILLEDA,SILLEDA,36540,"CARRETERA PO-2205 KM. 21,4",N,-8.250833,42.691028,COBIDEZA,P,dm,L-S: 09:00-14:00 y 16:00-20:00
PONTEVEDRA,TOMINO,TOMINO,36740,CARRETERA PO-550 KM. 184,D,-8.750028,41.972833,CEPSA,P,dm,L-D: 24H
RIOJA (LA),ARNEDO,ARNEDO,26580,"AVENIDA DE QUEL, 44",D,-2.085306,42.230167,REPSOL,P,OM,L-D: 07:00-23:00
RIOJA (LA),AUTOL,AUTOL,26560,"CARRETERA RINCON SOTO,S/N",N,-1.980917,42.213972,AN ENERGETICOS,P,dm,L-D: 24H
RIOJA (LA),BRIONES,BRIONES,26330,"N-232 km 441,5",D,-2.7728330000000003,42.536389,CEPSA,P,OM,L-V: 11:00-19:00
RIOJA (LA),CERVERA DEL RIO ALHAMA,RINCON OLIVEDO O CASAS,26527,"CARRETERA LR-283 KM. 14,2",I,-1.956722,42.049917,E.S. RIO LINARES,P,dm,L-S: 07:00-21:00
RIOJA (LA),CUZCURRITA DE RIO TIRON,CUZCURRITA-RIO TIRON,26214,"VIA VIA DE SERVICIO ANTIGUA N-232, 1",I,-2.965306,42.552444,PETRONOR,P,dm,L-D: 07:00-22:00
RIOJA (LA),HARO,HARO,26200,"AVENIDA LA RIOJA, 4",N,-2.851139,42.575222,PETRONOR,P,dm,L: 06:30-22:00
RIOJA (LA),NAJERA,NAJERA,26300,"CALLE SAN FERNANDO, 120",D,-2.71725,42.415861,ADELFAS,P,dm,L-D: 06:00-22:00
RIOJA (LA),PRADEJON,PRADEJON,26510,"CARRETERA COMARCAL LO 640 KM. 0,8",D,-2.050417,42.325472,REPSOL,P,OM,L-S: 07:00-21:00
SALAMANCA,ALDEHUELA DE LA BOVEDA,ALDEHUELA DE LA BOVEDA,37460,A-62 km 275,D,-6.05075,40.849972,BERNAL,P,dm,L-D: 08:00-22:30
SALAMANCA,BEJAR,BEJAR,37700,CARRETERA N-630 KM. 412,D,-5.7507220000000006,40.389556,REPSOL,P,OM,L-D: 07:00-23:00
TARRAGONA,ALCANAR,ALCANAR,43530,CARRETERA NACIONAL 340 SEC H KM. 1059,I,0.5068060000000001,40.533583,SHELL,P,OM,L-D: 24H
NAVARRA,PERALTA,PERALTA,31350,CARRETERA PERALTA KM. 128,D,-1.789972,42.335944,EROSKI,P,dm,L-D: 24H
NAVARRA,IZA,SARASATE,31892,CARRETERA PAMPLONA-S.SEBASTIAN KM. 15,D,-1.7778060000000002,42.892,REPSOL,P,dm,L-V: 07:00-23:00; S: 07:00-15:00
NAVARRA,ULTZAMA,IRAIZOTZ,31797,POLIGONO INDUSTRIAL ELORDI C/A 4,D,-1.661786,43.000778,ALPE,P,dm,L-V: 09:00-19:00
NAVARRA,LEGARDA,LEGARDA,31133,"AUTOVIA A-12 km 16,5",I,-1.7778060000000002,42.710889,ACCIONA BIOCOMBUSTIBLES,P,dm,L-D: 07:00-23:00
NAVARRA,SANGUESA/ZANGOZA,SANGUESA,31400,"PADRE RAIMUNDO DE LUMBIER, 14",D,-1.285639,42.581139,AVIA,P,dm,L-D: 07:00-22:00
NAVARRA,LODOSA,LODOSA,31580,"CARRETERA NA-123 KM. 0,7",I,-2.076861,42.416556,CEPSA,P,OM,L-D: 06:00-22:00
NAVARRA,LUZAIDE/VALCARLOS,AZOLETA,31669,"BARRIO PEKOTXETA, S/N",I,-1.271333,43.116889,ASLE,P,dm,L: 08:30-19:30
NAVARRA,SANTACARA,SANTACARA,31314,"CARRETERA PITILLAS-SANTACARA NA5330 KM. 9,800",I,-1.552944,42.380306,AVIA,P,dm,L-D: 24H
NAVARRA,MENDAVIA,MENDAVIA,31587,"CR NA-134, 79",D,-2.212222,42.449611,REPSOL,P,dm,L: 07:00-22:00
NAVARRA,VILLAFRANCA,VILLAFRANCA,31330,"POLIGONO ALESVES, N",D,-1.74425,42.272444,COMBUSTIBLES VILLAFRANCA,P,dm,L-D: 24H
NAVARRA,TAFALLA,TAFALLA,31300,"CARRETERA ZARAGOZA, KM 33.5 KM. 33",I,-1.675778,42.514472,AVIA,P,dm,L-D: 06:00-22:00
NAVARRA,URDAZUBI/URDAX,URDAZUBI / URDAX,31711,"BARRIO DANTXARINEA, 2",D,-1.505806,43.289583,CEPSA,P,OM,L-D: 08:00-20:00
OURENSE,OURENSE,OURENSE,32005,AVDA. DE ZAMORA 140,N,-7.862383,42.321219,ESTACION DE SERVICIO MARINAMANSA,P,dm,L-D: 24H
OURENSE,BARCO DE VALDEORRAS (O),BARCO (O),32300,"AVENIDA PORTUGAL, 2",D,-6.993889,42.421278,GALP,P,dm,L-D: 06:00-00:00
OURENSE,RIBADAVIA,RIBADAVIA,32400,AUTOVIA A52 km 249,D,-8.093972,42.31425,CEPSA,P,OM,L-D: 24H
OURENSE,MASIDE,MASIDE,32570,"N-541 km 24,7",I,-8.057944,42.425806,CEPSA,P,dm,L: 07:00-23:00
OURENSE,RAMIRAS,RAMIRAS,32593,"OU-531 km 32,500",D,-8.004188000000001,42.177413,E.S. 2001,P,dm,L-D: 07:00-23:00
OURENSE,TRASMIRAS,TRASMIRAS,32695,AUTOVIA A52 KM. 535,N,-7.608611,42.019306,CEPSA,P,dm,L-D: 24H
OURENSE,GUDINA (A),EROSA,32547,"CARRETERA N-525 KM. 136,7",I,-7.180722,42.032111,REPSOL,P,OM,L-D: 24H
OURENSE,MACEDA,MACEDA,32700,"LUGAR ALTO DO COUSO, S/N",D,-7.6755559999999985,42.311944,ESTACION DE SERVICIO ALTO DO COUSO,P,dm,L-D: 24H
OURENSE,RUA (A),RUA DE VALDEORRAS (A),32350,"RUA CIRCUNVALACION, S/N",D,-7.095333,42.39875,REPSOL,P,OM,L-D: 06:00-00:00
OURENSE,VERIN,VERIN,32600,"CARRETERA N-525 KM. 165,18",D,-7.415861,41.945472,REPSOL,P,OM,L-D: 24H
OURENSE,XINZO DE LIMIA,XINZO DE LIMIA,32630,"CL A DEVESA, S.N.",I,-7.727083,42.075556,REPSOL,P,dm,L-D: 07:00-23:00
PALENCIA,AGUILAR DE CAMPOO,AGUILAR DE CAMPOO,34800,"CALLE POLIGONO AGUILAR II, 42",D,-4.246889,42.788583,CEPSA,P,dm,L-D: 24H
PALENCIA,CARRION DE LOS CONDES,CARRION DE LOS CONDES,34120,"N-120A (LOGRONO -VIGO) km 197,5",D,-4.616639,42.341167,RIO NUBIS,P,dm,L-D: 08:00-22:00
VALLADOLID,CUBILLAS DE SANTA MARTA,CUBILLAS DE SANTA MARTA,47290,AUTOVIA A-62 KM. 102,D,-4.582806,41.809667,REPSOL,P,dm,L-D: 24H
PALENCIA,PALENCIA,PALENCIA,34004,"AVENIDA ANDALUCIA, 180",N,-4.510972,41.990694,AVIA,P,dm,L-D: 24H
PALENCIA,GUARDO,GUARDO,34880,"CR C-615, 96,4",I,-4.848389,42.798639,AVIA,P,dm,L-D: 06:00-22:00
PALENCIA,OSORNO LA MAYOR,OSORNO,34460,CARRETERA SANTANDER KM. 59,I,-4.35075,42.417,PETROCORNER LOS CHOPOS,P,dm,L-D: 06:00-23:00
PALENCIA,PAREDES DE NAVA,PAREDES DE NAVA,34300,"CARRETERA CIRCUNVALACION, S/N KM. 18,1",D,-4.6923330000000005,42.156778,REPSOL,P,OM,L-S: 07:00-22:00
PALENCIA,TORQUEMADA,TORQUEMADA,34230,CARRETERA N-620 KM. 61,D,-4.252417,42.051056,LAS LAGUNAS,P,dm,L-D: 24H
PALENCIA,SALDANA,SALDANA,34100,"AVENIDA CONSTITUCION, 11",D,-4.7429169999999985,42.51925,AVIA,P,dm,L-S: 07:30-22:30; D: 09:00-15:00 y 16:00-22:30
PALENCIA,VILLARRAMIEL,VILLARRAMIEL,34340,"P-942 km 1,2",I,-4.901917,42.0475,E.S SHELL VILLARRAMIEL,P,dm,L-D: 07:30-22:30
TARRAGONA,ALDEA (L'),ALDEA (L'),43896,AUTOPISTA AP-7 (MRG.DCHO.) KM. 317,D,0.6262220000000001,40.765028,CEPSA,P,OM,L-D: 24H
TARRAGONA,VILA-RODONA,VILA-RODONA,43814,"CR C-51, 26,5",D,1.351222,41.28977800000001,CAMPSA,P,OM,L: 07:00-20:30
TARRAGONA,CORBERA D'EBRE,CORBERA D'EBRE,43784,"AVENIDA LLIBERTAT, S/N",D,0.476278,41.076,DPC OIL,P,dm,L-D: 24H
TARRAGONA,DELTEBRE,DELTEBRE,43580,"AVENIDA GENERALITAT, 44",D,0.725333,40.718556,REPSOL,P,OM,L-D: 06:00-00:00
TARRAGONA,MONTBLANC,MONTBLANC,43400,"AVENIDA MURALLA SANTA TECLA, 10",D,1.164611,41.374361,REPSOL,P,OM,L-D: 06:00-00:00
TARRAGONA,VANDELLOS I L'HOSPITALET DE L'INFANT,VANDELLOS,43891,"CR N-340, 1128,2",I,0.908194,40.989056,REPSOL,P,OM,L-D: 06:00-22:00
TARRAGONA,MORA LA NOVA,MORA LA NOVA,43770,"CARRETERA CTRA. N-420 KM. 467,100",N,0.647917,41.093722,REPSOL,P,OM,L-D: 06:00-22:00
TARRAGONA,SANT CARLES DE LA RAPITA,SANT CARLES DE LA RAPITA,43540,CARRETERA N-340 KM. 1071,I,0.57925,40.62575,GALP,P,OM,L-D: 07:00-21:00
TARRAGONA,ULLDECONA,ULLDECONA,43550,"MAJOR,  183",N,0.443917,40.592889,CAMPO,P,dm,L-D: 24H
TARRAGONA,VALLS,VALLS,43800,"CALLE CTRA. DE MONTBLANC, 34",D,1.249472,41.2885,REPSOL,P,OM,L-D: 06:00-22:00
TARRAGONA,VANDELLOS I L'HOSPITALET DE L'INFANT,HOSPITALET DE L'INFANT,43890,"CARRETERA No 340 KM. 1121,8",D,0.855917,40.949722,REPSOL,P,OM,L-D: 06:00-22:00
TARRAGONA,VILA-RODONA,VILA-RODONA,43814,"AUTOPISTA AP-2 (MRG.IZDO.) KM. 221,5",I,1.411861,41.287889,CEPSA,P,OM,L-D: 07:00-23:00
TERUEL,MAS DE LAS MATAS,MAS DE LAS MATAS,44564,"CALLE CL AGUAVIVA, 9",D,-0.24025,40.831472,CAMPSA,P,OM,L: 08:00-20:00
TERUEL,ALCANIZ,ALCANIZ,44600,"AVENIDA ZARAGOZA, 100",D,-0.152722,41.0525,REPSOL,P,dm,L-D: 06:00-22:45
TERUEL,ANDORRA,ANDORRA,44500,"AVENIDA ALBALATE, 7",D,-0.447833,40.982278,REPSOL,P,dm,L-D: 06:00-23:00
TERUEL,CALAMOCHA,CALAMOCHA,44200,"CL AVENIDA ESTACION NUEVA, 2",D,-1.298306,40.913361,REPSOL,P,OM,L-D: 07:00-23:00
TERUEL,CALANDA,CALANDA,44570,"CARRETERA N-211 KM. 227,4",D,-0.230444,40.94663900000001,CEPSA,P,dm,L-D: 07:00-21:00
TERUEL,CELLA,CELLA,44370,N-234 km 141,D,-1.251333,40.482583,CEPSA,P,dm,L-V: 07:00-22:00; S: 08:00-14:00; D: 11:00-21:00
TERUEL,FERRERUELA DE HUERVA,FERRERUELA DE HUERVA,44490,"CALLE PEIRON, S/N",N,-1.235667,41.060639,GASOLEOS TERUEL,P,dm,L-D: 24H
TERUEL,MONREAL DEL CAMPO,MONREAL DEL CAMPO,44300,"POLIGONO EL TOLLO PARCELA, 2/31",D,-1.339556,40.772944,FYCASA LOGISTICA S.L.,P,dm,L-D: 24H
TERUEL,MONTALBAN,MONTALBAN,44700,"CR N-211, 165,6",D,-0.798167,40.831417,REPSOL,P,OM,L-V: 09:00-20:00; S: 09:00-14:00
TERUEL,PERALES DEL ALFAMBRA,PERALES DEL ALFAMBRA,44163,N-420 km 617.0,N,-1.000472,40.627667,GALP,P,dm,L-D: 24H
TERUEL,TERUEL,TERUEL,44001,"AVENIDA ZARAGOZA, 22",D,-1.116611,40.347889,CEPSA,P,dm,L-D: 07:00-23:00
TERUEL,VALDERROBRES,VALDERROBRES,44580,"AVENIDA CORTES DE ARAGON, 85",D,0.150917,40.872528,CEPSA,P,dm,L-D: 07:00-22:00
TOLEDO,ANOVER DE TAJO,ANOVER DE TAJO,45250,CARRETERA CM-4001 KM. 23,I,-3.799889,39.96475,CARBURANTES ANOVER,P,dm,L-V: 07:00-20:00; S: 07:00-14:00
TOLEDO,MAQUEDA,MAQUEDA,45515,CARRETERA ANTIGUA NV KM. 74,I,-4.370833,40.058472,BP OIL,P,dm,L-D: 06:30-23:00
TOLEDO,CABANAS DE LA SAGRA,CABANAS DE LA SAGRA,45592,"AUTOVIA A42 (ENLACE CTRA TO-2516, PK 0,50) KM. 55",D,-3.964,39.992361,REPSOL,P,dm,L-D: 24H
TOLEDO,CALERA Y CHOZAS,CALERA Y CHOZAS,45595,AUTOVIA A5 KM. 134,D,-5.026639,39.926417,REPSOL,P,dm,L-D: 06:00-23:00
TOLEDO,CALZADA DE OROPESA,CALZADA DE OROPESA (LA),45580,CARRETERA A-5 KM. 162,D,-5.332778,39.8955,REPSOL,P,dm,L-D: 24H
TOLEDO,OTERO,OTERO,45543,AUTOVIA EXTREMADRUA KM. 87,I,-4.505278,40.020917,CEPSA,P,OM,L-D: 06:00-22:00
TOLEDO,VALMOJADO,VALMOJADO,45940,"AVENIDA MADRID, 25",D,-4.09,40.208389,REPSOL,P,dm,L-D: 06:30-22:30
TOLEDO,TALAVERA DE LA REINA,TALAVERA DE LA REINA,45600,AV EXTREMADURA  1,N,-4.826611,39.961944,BP TALVAR,P,dm,L-D: 24H
TOLEDO,CEBOLLA,CEBOLLA,45680,"CM-4000 km P.K.50,6",N,-4.563389,39.936694,FARRUCO S.A.,P,dm,L-D: 07:00-21:00
TOLEDO,MADRIDEJOS,MADRIDEJOS,45710,"CR C-400 66 (C-400 km 66,07)",I,-3.5564440000000004,39.46458300000001,REPSOL,P,dm,L-V: 06:00-22:00; S-D: 06:00-22:00
TOLEDO,CORRAL DE ALMAGUER,CORRAL DE ALMAGUER,45880,AUTOPISTA AP-36 (MRG.IZDO.) KM. 34,I,-3.132806,39.72425,CEPSA,P,OM,L-D: 24H
TOLEDO,DOSBARRIOS,DOSBARRIOS,45311,"AUTOVIA A-4 KM. 72,2",D,-3.477556,39.870194,REPSOL,P,OM,L-D: 06:00-22:00
TOLEDO,ESCALONA,ESCALONA,45910,CN-403 km P.K. 52,N,-4.398806,40.158694,FARRUCO S.A.,P,dm,L-D: 24H
TOLEDO,FUENSALIDA,FUENSALIDA,45510,"CALLE RAMON Y CAJAL, 46",N,-4.210917,40.049306,FARRUCO S.A.,P,dm,L-D: 24H
TOLEDO,TORRIJOS,TORRIJOS,45500,"AVENIDA TOLEDO, 1",D,-4.27425,39.98,CEPSA,P,dm,L-V: 08:00-21:00
TOLEDO,GUADAMUR,GUADAMUR,45160,"CARRETERA CM-401 KM. 9,200",D,-4.132278,39.804694,AVIA,P,dm,L-D: 07:00-22:00
TOLEDO,GUARDIA (LA),GUARDIA (LA),45760,"AUTOVIA N-IV KM. 83,300",I,-3.478472,39.778083,CEPSA,P,dm,L-D: 24H
TOLEDO,YEPES,YEPES,45313,"CR C-9, 31 (C-9 km 31,4)",D,-3.620444,39.904444,REPSOL,P,dm,L-D: 06:00-22:00
TOLEDO,MIGUEL ESTEBAN,MIGUEL ESTEBAN,45830,CARRETERA QUINTANAR ALCAZAR KM.,D,-3.076361,39.530222,REPSOL,P,dm,L-V: 05:00-22:00; S-D: 06:00-22:00
TOLEDO,MOCEJON,MOCEJON,45270,AVENIDA DE CASTILLA LA MANCHA 54 (TO-413 km 33),D,-3.922306,39.934694,REPSOL,P,dm,L: 07:00-22:00
TOLEDO,MORA,MORA,45400,"CL/ TOLEDO 85 (C-400 km 30,7)",D,-3.77725,39.689194,HNOS.FERNANDEZ,P,dm,L-V: 06:00-21:00; S: 08:00-21:00; D: 08:00-14:00
TOLEDO,OCANA,OCANA,45300,"PZA. DE PILAREJO, 1",N,-3.503528,39.955944,CEPSA,P,OM,L-V: 06:30-22:30; S-D: 09:00-21:00
ZAMORA,QUINTANILLA DE URZ,QUINTANILLA DE URZ,49622,"AUTOVIA A 52 KM. 15,400",I,-5.849111,42.018889,REPSOL,P,dm,L-D: 06:00-00:00
VALENCIA / VALENCIA,REQUENA,REQUENA,46340,"CARRETERA MADRID-VALENCIA KM. 275,5",I,-1.106194,39.484028,REPSOL,P,OM,L-D: 06:00-22:00
VALENCIA / VALENCIA,UTIEL,UTIEL,46300,"CARRETERA N-III KM. 263,1",D,-1.197333,39.563306,CAMPSA,P,OM,L-D: 24H
VALENCIA / VALENCIA,SIETE AGUAS,SIETE AGUAS,46392,"AUTOVIA AUTOVIA A-3 KM. 306,5",D,-0.877639,39.461,REPSOL,P,OM,L-D: 24H
VALENCIA / VALENCIA,XERACO,XERACO,46770,"N-332 km 232,9",D,-0.226222,39.046139,CEPSA,P,OM,L-D: 24H
VALENCIA / VALENCIA,CARCAIXENT,CARCAIXENT,46740,"CARRETERA CARRETERA XATIVA-SILLA KM. 15,600",D,-0.4583060000000001,39.113667,QUALITY CARCAIXENT,P,dm,L-D: 24H
VALENCIA / VALENCIA,SUECA,PERELLO (EL),46420,CARRETERA NAZARET-OLIVA KM. 21,I,-0.278194,39.275972,REPSOL,P,OM,L-D: 06:00-22:00
VALENCIA / VALENCIA,GODELLETA,GODELLETA,46388,"CARRETERA DE LA A3 A GODELLETA KM 11,7 KM. 11,7",N,-0.680722,39.42502800000001,GALP,P,dm,L-D: 06:00-22:00
BADAJOZ,VILLANUEVA DE LA SERENA,VALDIVIA,6720,CARRETERA N-430 KM. 118,D,-5.713444,39.036111,IBERDOEX,P,dm,L-D: 24H
VALENCIA / VALENCIA,BELLREGUARD,BELLREGUARD POBLE,46713,N-332 P.K. 220,N,-0.165,38.949389,GALP,P,OM,L-V: 06:00-22:00; S: 07:00-22:00; D: 07:00-21:00
VALENCIA / VALENCIA,VILLAR DEL ARZOBISPO,VILLAR DEL ARZOBISPO,46170,"POLIGONO LA LOMA PARCELA 10, 10",D,-0.81875,39.736167,JEISER OIL,P,dm,L-D: 24H
VALENCIA / VALENCIA,VILLARGORDO DEL CABRIEL,VILLARGORDO DEL CABRIEL,46317,"CARRETERA N III KM. 255,27",I,-1.43725,39.526028,GALP,P,OM,L-D: 24H
VALLADOLID,ALDEAMAYOR DE SAN MARTIN,ALDEAMAYOR DE SAN MARTIN,47162,"AUTOVIA CARRETERA SG 601 KM 13,75 KM. 13,750",N,-4.658667,41.541917,VALCARCE,P,dm,L-D: 24H
VALLADOLID,VALLADOLID,VALLADOLID,47013,"AVENIDA SEGOVIA, 44",I,-4.721889,41.63713900000001,REPSOL,P,OM,L-D: 07:00-23:00
VALLADOLID,ISCAR,ISCAR,47420,"CARRETERA ISCAR-CUELLAR KM. 17,3",D,-4.504417,41.368278,REPOSTAR,P,dm,L-D: 24H
VALLADOLID,MAYORGA,MAYORGA,47680,"CARRETERA DE CASTROBOL, S/N",I,-5.271083,42.160417,COCOCEA,P,dm,L-D: 24H
VALLADOLID,MEDINA DE RIOSECO,MEDINA DE RIOSECO,47800,"CR N-601, 233,6",D,-5.051389,41.889167,REPSOL,P,dm,L-D: 07:00-23:00
VALLADOLID,MEDINA DEL CAMPO,MEDINA DEL CAMPO,47400,CRTA.PENARANDA S/N - C.C. CAPRABO,N,-4.907694,41.300389,SARAS ENERGIA,P,OM,L-V: 07:00-22:00; S-D: 08:00-22:00
VALLADOLID,MOJADOS,MOJADOS,47250,"CALLE MIGUEL PELILLO, 30",D,-4.666944,41.433806,MAXPETROL,P,dm,L-D: 24H
VALLADOLID,MUDARRA (LA),MUDARRA (LA),47630,"CARRERA NACIONAL 601, 218,1",I,-4.94175,41.78625,CEPSA,P,dm,L-D: 06:00-23:00
VALLADOLID,OLMEDO,OLMEDO,47410,CR N-601 149,I,-4.6811669999999985,41.287889,REPSOL,P,OM,L-D: 08:00-20:00
VALLADOLID,PENAFIEL,PENAFIEL,47300,"AVENIDA ESCALONA, 5",D,-4.113917,41.60308300000001,AUTOSERVICIO 24H JLZ,P,dm,L-D: 24H
VALLADOLID,RUEDA,RUEDA,47490,CARRETERA A-6 KM. 175,D,-4.979556,41.441028,LALOBA,P,dm,L-D: 24H
VALLADOLID,TORDESILLAS,VILLAMARCIEL,47132,CARRETERA A-62 KM. 142,D,-4.895778,41.539972,REPSOL,P,OM,L-D: 07:00-23:00
VALLADOLID,SAN VICENTE DEL PALACIO,SAN VICENTE DEL PALACIO,47493,AUTOVIA A-6 KM. 147,D,-4.842333,41.22225,VALCARCE,P,dm,L-D: 24H
VALLADOLID,TORDESILLAS,TORDESILLAS,47001,"CALLE GASPAR DE TORDESILLAS, 2",D,-5.006611,41.502944,EOIL,P,dm,L-D: 07:30-22:30
VALLADOLID,VEGA DE VALDETRONCO,VEGA DE VALDETRONCO,47133,AUTOPISTA A6 KM. 196,D,-5.1218059999999985,41.597806,CEPSA,P,dm,L-S: 07:00-23:00; D: 08:00-23:00
VALLADOLID,VILLANUEVA DE LOS CABALLEROS,VILLANUEVA DE LOS CABALLEROS,47850,"CARRER MADRID-CORUNA, 223",I,-5.323944,41.785528,REPSOL,P,dm,L-D: 24H
VALLADOLID,VILLARDEFRADES,VILLARDEFRADES,47860,CARRETERA N-6 KM. 216,I,-5.2525559999999984,41.7235,PETRONOR,P,OM,L-V: 08:00-21:00; S: 09:00-18:00; D: 08:00-22:00
VIZCAYA,DURANGO,DURANGO,48200,CARRETERA ELORRIO KM. S/N,N,-2.620333,43.164944,SIMPLY,P,dm,L-D: 24H
VIZCAYA,IGORRE,IGORRE,48140,"AVENIDA LEHENDAKARI AGUIRRE, 22",D,-2.777556,43.163778,AVIA,P,dm,L-D: 06:00-22:00
VIZCAYA,BERMEO,BERMEO,48370,"CR BI-631, 32",I,-2.736361,43.41988900000001,PETRONOR,P,OM,L-V: 06:00-22:00; S-D: 08:00-21:00
VIZCAYA,GERNIKA-LUMO,GERNIKA-LUMO,48300,"CTRA. GERNIKA-AMOREBIETA km KM 1,5",D,-2.686944,43.2965,AVIA,P,dm,L-D: 06:00-00:00
VIZCAYA,GUENES,SODUPE,48830,"CARRETERA BI-636 KM. 15,5",D,-3.0473060000000003,43.204333,PETRONOR,P,OM,L-D: 06:00-22:00
ZAMORA,COBREROS,COBREROS,49396,"CARRETERA N-525 KM. 84,500",D,-6.640583,42.06075,BP - CASTRO DE SANABRIA (DCHA),P,dm,L-D: 24H
ZAMORA,BENAVENTE,BENAVENTE,49600,"CALLE SIMON BOLIVAR, S/N",N,-5.662333,42.0075,STAROIL,P,dm,L-D: 24H
ZAMORA,TORO,TORO,49800,"CARRETERA N-122 KM. 425,5",I,-5.3861940000000015,41.523167,REPSOL,P,OM,L-D: 07:00-23:00
VALENCIA / VALENCIA,ONTINYENT,ONTINYENT,46870,"AVENIDA TEXTIL, 42",D,-0.588056,38.827194,REPSOL,P,dm,L-D: 06:00-22:00
ZAMORA,VILLALPANDO,VILLALPANDO,49630,CM  HERRADO S/N,D,-5.406466,41.853645,AGRINZA,P,dm,L-D: 24H
ZAMORA,ZAMORA,ZAMORA,49022,"AVENIDA REQUEJO, 31",N,-5.7363610000000005,41.510583,LOSADA REPSOL - AVENIDA,P,dm,L-D: 24H
ZARAGOZA,CARINENA,CARINENA,50400,"CARRETERA N-330 KM. 449,6",I,-1.219639,41.335639,CEPSA,P,OM,L-D: 06:00-22:00
ZARAGOZA,ZARAGOZA,ZARAGOZA,50011,"CARRETERA CTRA.LOGRONO 42 KM. 243,420",D,-0.930833,41.663389,ES MIRALBUENO CEPSA,P,dm,L-D: 24H
ZARAGOZA,ALFAJARIN,ALFAJARIN,50172,CARRETERA NACIONAL II KM. 341,N,-0.691639,41.606417,REPSOL,P,OM,L-D: 24H
ZARAGOZA,ALMOLDA (LA),ALMOLDA (LA),50178,"CARRETERA N-II KM. 381,7",I,-0.260667,41.496472,CEPSA,P,OM,L-V: 24H; S: 06:00-22:00; D: 24H
ZARAGOZA,CALATORAO,CALATORAO,50280,"AUTOPISTA A-2 KM. 276,9",N,-1.32125,41.50175,BP,P,dm,L-V: 06:00-00:00; S: 07:00-22:00; D: 07:00-00:00
ZARAGOZA,ANINON,ANINON,50313,"CALLE LAS TABLAS, S/N",D,-1.7065279999999998,41.447028,SAT 2563 NINO JESUS,P,dm,L-D: 24H
ZARAGOZA,CETINA,CETINA,50292,CARRETERA ENLACE AUTOVIA ARAGON KM. 200,I,-1.964361,41.305917,AVIA,P,dm,L-D: 08:00-22:00
ZARAGOZA,BELCHITE,BELCHITE,50130,"CAMINO LAS LAVANDERAS, S/N",D,-0.744667,41.310306,ARENTO,P,dm,L-D: 24H
ZARAGOZA,ILLUECA,ILLUECA,50250,"CARRETERA A-1503 KM. 20,1",D,-1.618056,41.531944,CEPSA,P,dm,L-D: 07:00-23:00
ZARAGOZA,BUJARALOZ,BUJARALOZ,50177,"CALLE EXTRAMUROS, 0",D,-0.148083,41.498333,SENERSA S.L,P,dm,L-D: 24H
ZARAGOZA,CALATAYUD,CALATAYUD,50300,"AVENIDA FUERZAS ARMADAS, SN",N,-1.631528,41.353,ALCAMPO,P,dm,L-D: 24H
ZARAGOZA,CASPE,CASPE,50700,"AVENIDA COSTA JOAQUIN, 3",N,-0.04375,41.235944,CEPSA,P,dm,L-D: 06:00-22:00
ZARAGOZA,EJEA DE LOS CABALLEROS,EJEA DE LOS CABALLEROS,50600,"CARRETERA A-127 KM. 32,3",D,-1.144528,42.126806,CEPSA,P,OM,L-V: 07:00-22:00; S: 09:00-14:00
ZARAGOZA,EPILA,EPILA,50290,"POLIGONO VALDEMUEL, SN",D,-1.2731940000000002,41.5955,COOPERATIVA SAN PEDRO ARBUES,P,dm,L-D: 24H
ZARAGOZA,SASTAGO,SASTAGO,50780,"CALLE SAN ROQUE, 126",I,-0.343889,41.32252800000001,CEPSA,P,dm,L-S: 06:00-21:00; D: 07:00-14:00
ZARAGOZA,FUENTES DE EBRO,FUENTES DE EBRO,50740,"N-232 km 209,100",I,-0.615617,41.506753,COOPERATIVA SAN MIGUEL,P,dm,L-D: 24H
ZARAGOZA,GALLUR,GALLUR,50650,"AU A-68, 254",D,-1.32,41.83425,REPSOL,P,OM,L-D: 07:00-23:00
ZARAGOZA,LECERA,LECERA,50131,"CARRETERA A-222 KM. 40,700",D,-0.710861,41.208861,ES NTRA SRA OLIVAR,P,dm,L-D: 24H
ZARAGOZA,MAELLA,MAELLA,50710,"AVENIDA CASPE, 1",I,0.135444,41.12525,E.S.MAELLA,P,dm,L-D: 06:00-23:00
ZARAGOZA,TARAZONA,TARAZONA,50500,"PG. CUNCHILLOS, S/N",N,-1.714694,41.906694,ARENTO-COOP.SAN ATILANO,P,dm,L-D: 24H
ZARAGOZA,PEDROLA,PEDROLA,50690,"CARRETERA N-232 KM. 271,200",I,-1.216889,41.772806,CEPSA,P,OM,L-D: 24H
ZARAGOZA,PINA DE EBRO,PINA DE EBRO,50750,"AUTOPISTA AP-2(MRG.IZDO.) KM. 47,7",I,-0.397806,41.525889,CEPSA,P,OM,L-D: 24H
ZARAGOZA,PINA DE EBRO,PINA DE EBRO,50750,"CARRETERA A1107 KM. 2,51",D,-0.512944,41.495222,COALFA,P,dm,L-V: 08:00-20:00; S: 08:00-13:00
ZARAGOZA,QUINTO,QUINTO,50770,CARRETERA CASTELLON KM. 197,I,-0.5078060000000001,41.435583,SOCIEDAD COOPERATIVA AGRARIA SANTA ANA,P,dm,L-D: 24H
ZARAGOZA,SADABA,SADABA,50670,"CALLE AVDA. URRUTI CANDIDO, 2",D,-1.272111,42.283333,COOP SAN JOSE,P,dm,L-D: 07:00-21:00
ZARAGOZA,ZUERA,ZUERA,50800,"CARRETERA N-330A KM. 24,000",D,-0.794,41.857,REPSOL,P,OM,L-D: 24H
ZARAGOZA,TAUSTE,TAUSTE,50660,"VIA PERIMETRAL, S/N",D,-1.255333,41.912194,E.S. SANCHO ABARCA,P,dm,L-D: 24H
TOLEDO,ONTIGOLA,ONTIGOLA,45340,"AUTOVIA N IV KM. 55,2",I,-3.567,39.978306,GALP,P,dm,L-D: 07:00-23:00
TOLEDO,OROPESA,OROPESA,45560,"CALLE POLIGONO 6, 104",D,-5.185778,39.927389,SARAS,P,dm,L-D: 24H
TOLEDO,QUINTANAR DE LA ORDEN,QUINTANAR DE LA ORDEN,45800,"AVENIDA IV CENTENARIO, 42",D,-3.045194,39.587694,PETROCOES,P,dm,L-D: 24H
TOLEDO,PUEBLA DE MONTALBAN (LA),PUEBLA DE MONTALBAN (LA),45516,"CM-4000 km P.K.29,0",N,-4.3565830000000005,39.872722,FARRUCO S.A.,P,dm,L-D: 24H
TOLEDO,TEMBLEQUE,TEMBLEQUE,45780,AUTOVIA A-4 KM. 98,D,-3.517806,39.649417,CAMPSA,P,OM,L-D: 24H
TOLEDO,VILLACANAS,VILLACANAS,45860,"CR C-402, 106,3",D,-3.34575,39.616333,REPSOL,P,OM,L-D: 07:00-23:00
TOLEDO,YEBENES (LOS),YEBENES (LOS),45470,"CL FUENTE NUEVA, 24 (TO-224 km 15)",I,-3.866611,39.580167,REPSOL,P,dm,L-S: 07:00-14:00 y 15:30-22:00
BADAJOZ,VILLAR DE RENA,PALAZUELO,6717,"CARRETERA CIRCUNVALACION, S/N KM. 10",D,-5.740028,39.1135,LA ENCINA DE PALAZUELO S. COOP.,P,dm,L-D: 24H
VALENCIA / VALENCIA,ALMISERA,ALMISERA,46726,AUTOVIA CV-60 KM. 29,I,-0.269444,38.922667,REPSOL,P,OM,L-D: 06:00-22:00
VALENCIA / VALENCIA,CHELLA,CHELLA,46821,"CR CV-580. P.KM.4.300 (CV-580 km 4,3)",D,-0.655748,39.031448,"HNOS. FRIGOLS LILA, S.L.",P,dm,L-D: 06:00-22:00
VALENCIA / VALENCIA,AYORA,AYORA,46620,"TRAVESIA VIRGEN DEL ROSARIO, S/N",I,-1.053306,39.059722,REPSOL,P,OM,L-D: 06:00-22:00
VALENCIA / VALENCIA,CASINOS,CASINOS,46171,CL PELAYO No8,N,-0.7107220000000001,39.7005,COOPERATIVA AGRICOLA DE CASINOS,P,dm,L-D: 24H
VALENCIA / VALENCIA,CATADAU,CATADAU,46196,CARRETERA CV-5202 KM. 1,I,-0.567194,39.279111,ESTACIO DE SERVICI EL REGAIXO,P,dm,L-D: 24H
VALENCIA / VALENCIA,ENGUERA,ENGUERA,46810,"AVENIDA CONSTITUCION, 20",D,-0.687639,38.982,REPSOL,P,dm,L-D: 06:00-22:00
VALENCIA / VALENCIA,FONT DE LA FIGUERA (LA),FONT DE LA FIGUERA (LA),46630,"CALLE BARRANCO, S/N",N,-0.8837780000000001,38.809417,COOP LA VINA,P,dm,L-D: 24H
VALENCIA / VALENCIA,MOGENTE/MOIXENT,MOGENTE/MOIXENT,46640,CARRETERA N-430 KM. 625,D,-0.754167,38.878611,REPSOL,P,OM,L-D: 06:00-22:00
VIZCAYA,MARKINA-XEMEIN,MARKINA-XEMEIN,48270,"CARRETERA Bo ATXONDOA KM. 51,8",D,-2.495722,43.280111,PETRONOR,P,dm,L-V: 06:30-22:30; S-D: 07:00-22:00
ZAMORA,BOVEDA DE TORO (LA),BOVEDA DE TORO (LA),49155,CARRETERA TORO-SALAMANCA KM. 21,I,-5.410167,41.339361,REPSOL,P,OM,L: 07:00-23:00
ZAMORA,MORALEJA DEL VINO,MORALEJA DEL VINO,49150,"CALLE POZO, 82",I,-5.660083,41.46608300000001,REPSOL,P,OM,L-S: 08:00-22:30
ASTURIAS,TINEO,TINEO,33870,"CARRETERA AS-219 KM. 5,200",D,-6.380139,43.355944,CEPSA,P,OM,L-D: 07:00-22:00
ASTURIAS,VALDES,LUARCA,33700,"AVENIDA BUENAVISTA, 6",N,-6.534333,43.541111,REPSOL,P,dm,L: 06:00-22:00; M-D: 06:00-22:00
ASTURIAS,VILLAVICIOSA,VILLAVICIOSA,33300,CL CERVANTES 39,N,-5.4328330000000005,43.482306,REPSOL,P,OM,L-S: 07:30-21:00; D: 08:00-15:00
AVILA,ADRADA (LA),ADRADA (LA),5430,"AVENIDA DE MADRID, 60",D,-4.641667,40.30375,REPSOL,P,dm,L-J: 06:00-22:00; V: 06:00-23:00; S-D: 07:00-23:00
AVILA,ARENAS DE SAN PEDRO,ARENAS DE SAN PEDRO,5400,"AVDA. DE LA CONSTITUCION, 54",I,-5.079611,40.209,FERNANDEZ BERMEJO,P,dm,L-D: 07:00-23:00
AVILA,AVILA,AVILA,5001,"AVENIDA MADRID, 4",N,-4.692167,40.657889,REPSOL,P,OM,L-D: 24H
AVILA,BLASCOSANCHO,BLASCOSANCHO,5290,CARRETERA CL 507 KM 3.200 KM. 3200,I,-4.615028,40.886444,REPSOL,P,OM,L-D: 07:00-22:00
AVILA,CANDELEDA,CANDELEDA,5480,"AVENIDA AVIACION ESPANOLA, 47",I,-5.245833,40.154556,CEPSA,P,dm,L-D: 07:00-23:00
AVILA,MADRIGAL DE LAS ALTAS TORRES,MADRIGAL ALTAS TORRES,5220,"CAMINO BAJORRO, S/N",D,-4.990528,41.096972,AN-MADRIGAL,P,dm,L-D: 24H
AVILA,MUNANA,MUNANA,5540,"CR N-110, 285  D",D,-5.014111,40.580417,REPSOL,P,dm,L-D: 08:00-22:00
AVILA,NAVALUENGA,NAVALUENGA,5100,"CARRETERA MADRID KM. 8,000",D,-4.6956940000000005,40.413722,GOEXPRESS,P,dm,L-D: 24H
AVILA,PIEDRAHITA,PIEDRAHITA,5500,"CALLE EXTRAMUROS, S/N",I,-5.326889,40.46608300000001,REPSOL,P,OM,M-J: 08:00-20:00
AVILA,SAN PEDRO DEL ARROYO,SAN PEDRO DEL ARROYO,5350,"CALLE CALZADA, S/N",D,-4.873083,40.803111,PETRONOR,P,dm,L-D: 07:00-23:00
BADAJOZ,ACEUCHAL,ACEUCHAL,6207,"C-423 km 40,6",I,-6.4872,38.640543,CAMPSA,P,dm,L-D: 06:00-22:00
BADAJOZ,ZARZA (LA),ZARZA (LA),6830,"CR C-423, 35,6",I,-6.219833,38.822111,REPSOL,P,OM,L-S: 06:00-22:00; D: 09:00-21:00
BADAJOZ,ALBURQUERQUE,ALBURQUERQUE,6510,"CARRETERA CTRA. N-530 KM. 33,00",N,-7.00725,39.218583,GALP,P,OM,L-D: 07:00-23:00
BADAJOZ,ALMENDRAL,ALMENDRAL,6171,"CR N-435, 34,8",D,-6.81775,38.614778,REPSOL,P,dm,L: 07:00-23:00
BADAJOZ,ALMENDRALEJO,ALMENDRALEJO,6200,CARRETERA GIJON-SEVILLA KM. 38,D,-6.405556,38.691944,LOW COST LOS POZUELOS,P,dm,L-D: 06:00-22:30
BADAJOZ,ARROYO DE SAN SERVAN,ARROYO DE SAN SERVAN,6850,"AVENIDA EXTREMADURA, S/N",D,-6.455306,38.858139,REPSOL,P,OM,L-S: 06:00-22:00
BADAJOZ,AZUAGA,AZUAGA,6920,"AVENIDA ESTALAJES, S,N",I,-5.6849440000000016,38.261556,REPSOL,P,OM,L-D: 07:00-22:00
BADAJOZ,BADAJOZ,BADAJOZ,6004,"PLAZA PLAZA DEL PILAR, S/N, S/N",N,-6.9713059999999984,38.874333,REPSOL,P,dm,L-S: 07:00-21:00; D: 07:00-14:00
BADAJOZ,TALAVERA LA REAL,TALAVERA LA REAL,6140,"AVDA. DE EXTREMADURA, S/N (ANTIGUA N-V)",N,-6.763806,38.872444,E/S TALAVERA,P,dm,L-D: 06:00-22:00
BADAJOZ,BARCARROTA,BARCARROTA,6160,"AVENIDA BRADENTON, S/N",D,-6.85175,38.515639,CEPSA,P,dm,L-V: 08:00-21:00; S-D: 08:00-14:30 y 17:30-21:00
BADAJOZ,CABEZA DEL BUEY,CABEZA DEL BUEY,6600,PUEBLA DE ALCOCER km 0.150,D,-5.223033,38.729793,ESTACION DE SERVICIO ARMENTERA S.L,P,dm,L-D: 06:30-10:00
BADAJOZ,MERIDA,MERIDA,6800,"AVENIDA HISPANIDAD, 2",D,-6.361778,38.916028,HERMANOS GUILLEN MONTERO S.A.,P,dm,L-D: 24H
BADAJOZ,CASTUERA,CASTUERA,6420,"CALLE ZURBARAN, 2",D,-5.545,38.726083,CEPSA,P,dm,L-S: 08:00-14:00 y 17:00-20:30
BADAJOZ,CODOSERA (LA),CODOSERA (LA),6518,"CARRETERA BA-5001 KM KM. 17,7",D,-7.162361,39.21375,REPSOL,P,dm,L-D: 08:00-22:00
BADAJOZ,DON BENITO,DON BENITO,6400,"AVENIDA VEGAS ALTAS DE LAS, 120",D,-5.834306,38.963528,LUXOIL,P,dm,L-D: 07:00-22:00
BADAJOZ,FUENTE DE CANTOS,FUENTE DE CANTOS,6240,"CR N-630, 702,2",D,-6.299917,38.246278,REPSOL,P,dm,L-D: 06:30-22:30
BADAJOZ,FUENTE DEL MAESTRE,FUENTE DEL MAESTRE,6360,CARRETERA VILLALBA KM. 12,D,-6.445194,38.531028000000006,CEPSA,P,dm,L: 06:00-22:00
BADAJOZ,GRANJA DE TORREHERMOSA,GRANJA DE TORREHERMOSA,6910,"AVENIDA EXTREMADURA, 67",D,-5.594083,38.304833,REPSOL,P,OM,L-S: 08:00-14:00 y 16:00-21:00
BADAJOZ,HORNACHOS,HORNACHOS,6228,CTRA. PUEBLA DE LA REINA S/N,D,-6.076389,38.559639,SDAD.COOP.LIMT. DE HORNACHOS,P,dm,L-D: 24H
BADAJOZ,JEREZ DE LOS CABALLEROS,JEREZ DE LOS CABALLEROS,6380,CARRETERA BADAJOZ KM. 71,D,-6.764806,38.3265,REPSOL,P,dm,L-D: 07:00-23:00
BADAJOZ,LLERENA,LLERENA,6900,"CALLE LA RADIO II, 17",D,-6.007611,38.242556,PETROCOR,P,dm,L-D: 24H
BADAJOZ,LOBON,LOBON,6498,"CALLE CAMINO DE LAS HUERTAS, 7",I,-6.626861,38.8455,COOPERATIVA LOBON,P,dm,L-D: 24H
BADAJOZ,MONESTERIO,MONESTERIO,6260,"CR N-630, 722,2",I,-6.268417,38.083528,REPSOL,P,OM,L-D: 07:00-23:00
BADAJOZ,MONESTERIO,MONESTERIO,6260,AUTOPISTA A-66 KM. 727,I,-6.220556,38.029444,REPSOL,P,OM,L-D: 24H
BADAJOZ,MONTIJO,MONTIJO,6480,"CARRETERA LOBON LA ROCA KM. 5,300",I,-6.608028,38.902417,GALP ENERGIA,P,dm,L-D: 24H
BADAJOZ,NAVALVILLAR DE PELA,NAVALVILLAR DE PELA,6760,CARRETERA N-430 KM. 138,I,-5.504611,39.110361,REPSOL,P,dm,L-D: 07:00-22:30
BADAJOZ,OLIVENZA,OLIVENZA,6100,"CARRETERA EX-107 KM. 23,4",D,-7.092167,38.692111,M&D,P,dm,L-D: 24H
BADAJOZ,TALARRUBIAS,TALARRUBIAS,6640,CARRETERA BA-401 KM. 1,D,-5.233778,39.030028,GALP,P,dm,L: 06:00-22:00
BADAJOZ,ZAFRA,ZAFRA,6300,"CALLE GUADIANA, S/N",D,-6.404139,38.418917,IBERDOEX,P,dm,L-D: 24H
BADAJOZ,PUEBLONUEVO DEL GUADIANA,PUEBLONUEVO DEL GUADIANA,6184,"CARRETERA MONTIJO-BADAJOZ KM. 13,9",D,-6.76125,38.922528,"VEGAS DE PUEBLONUEVO, SDAD. COOP. LTDA.",P,dm,L-D: 24H
BADAJOZ,QUINTANA DE LA SERENA,QUINTANA DE LA SERENA,6450,"AVENIDA CONSTITUCION, 3",I,-5.677667,38.741944,REPSOL,P,OM,L: 07:00-22:00
BADAJOZ,SAN PEDRO DE MERIDA,SAN PEDRO DE MERIDA,6893,AUTOVIA A-5 KM. 325,D,-6.187528,38.947556,REPSOL,P,dm,L-D: 24H
BADAJOZ,SAN VICENTE DE ALCANTARA,SAN VICENTE DE ALCANTARA,6500,"AVENIDA BADAJOZ, 89",D,-7.1338610000000005,39.363611,JOYMAR,P,dm,L: 07:00-23:00
BADAJOZ,SANTA AMALIA,SANTA AMALIA,6410,"CARRETERA VALDEHORNILLOS, S/N KM. S/N",D,-6.005778,39.009611,AMALIA DE SAJONIA,P,dm,L-D: 24H
BADAJOZ,SANTA MARTA,SANTA MARTA,6150,"N-432 km 42,7",I,-6.631167,38.615583,CAMPSA,P,dm,L-S: 07:00-14:00 y 17:00-22:00
BADAJOZ,VILLAFRANCA DE LOS BARROS,VILLAFRANCA DE LOS BARROS,6220,"CR N-630, 664,5",D,-6.350056,38.562694,REPSOL,P,OM,L-D: 24H
BADAJOZ,ZALAMEA DE LA SERENA,ZALAMEA DE LA SERENA,6430,"CARRETERA EX-114 KM. 0,400",D,-5.66125,38.673694,CEPSA,P,dm,L: 07:00-22:00
BARCELONA,BERGA,BERGA,8600,"PASSEIG DE LA PAU, S/N",N,1.845222,42.099194,BP OIL,P,dm,L-D: 24H
BARCELONA,BRUC (EL),BRUC (EL),8294,AUTOVIA N-II KM. 573,N,1.779611,41.582056,GALP,P,OM,L-D: 24H
BARCELONA,CARDONA,CARDONA,8261,CTRA. DE CARDONA A BERGA (B420 km 1.700),D,1.688667,41.930222,AVANTI,P,dm,L-D: 24H
BARCELONA,CERCS,CERCS,8698,"CARRETERA COMARCAL C-16 KM. 105,5",D,1.85775,42.160306,PETROMIRALLES,P,dm,L-D: 24H
BARCELONA,JORBA,JORBA,8719,"CR A-2, 543,1",D,1.509722,41.618806,REPSOL,P,OM,L-D: 06:00-22:00
BARCELONA,MOIA,MOIA,8180,"AVINGUDA ZONA INDUSTRIAL, S/N",N,2.104444,41.808056,AREA DIESEL,P,dm,L-D: 24H
BARCELONA,PIERA,PIERA,8784,"AVENIDA AVINGUDA IGUALADA, 97",N,1.7502220000000002,41.528306,ESCLATOIL,P,dm,L-D: 24H
